-- MySQL dump 10.13  Distrib 5.7.18, for Linux (x86_64)
--
-- Host: localhost    Database: travel
-- ------------------------------------------------------
-- Server version	5.7.18

/*!40101 SET @OLD_CHARACTER_SET_CLIENT=@@CHARACTER_SET_CLIENT */;
/*!40101 SET @OLD_CHARACTER_SET_RESULTS=@@CHARACTER_SET_RESULTS */;
/*!40101 SET @OLD_COLLATION_CONNECTION=@@COLLATION_CONNECTION */;
/*!40101 SET NAMES utf8 */;
/*!40103 SET @OLD_TIME_ZONE=@@TIME_ZONE */;
/*!40103 SET TIME_ZONE='+00:00' */;
/*!40014 SET @OLD_UNIQUE_CHECKS=@@UNIQUE_CHECKS, UNIQUE_CHECKS=0 */;
/*!40014 SET @OLD_FOREIGN_KEY_CHECKS=@@FOREIGN_KEY_CHECKS, FOREIGN_KEY_CHECKS=0 */;
/*!40101 SET @OLD_SQL_MODE=@@SQL_MODE, SQL_MODE='NO_AUTO_VALUE_ON_ZERO' */;
/*!40111 SET @OLD_SQL_NOTES=@@SQL_NOTES, SQL_NOTES=0 */;

--
-- Current Database: `travel`
--

CREATE DATABASE /*!32312 IF NOT EXISTS*/ `travel` /*!40100 DEFAULT CHARACTER SET latin1 */;

USE `travel`;

--
-- Table structure for table `CUSTOMER`
--

DROP TABLE IF EXISTS `CUSTOMER`;
/*!40101 SET @saved_cs_client     = @@character_set_client */;
/*!40101 SET character_set_client = utf8 */;
CREATE TABLE `CUSTOMER` (
  `customer_id` int(11) NOT NULL AUTO_INCREMENT,
  `customer_fname` varchar(45) NOT NULL,
  `customer_lname` varchar(45) NOT NULL,
  PRIMARY KEY (`customer_id`)
) ENGINE=InnoDB AUTO_INCREMENT=14 DEFAULT CHARSET=latin1;
/*!40101 SET character_set_client = @saved_cs_client */;

--
-- Dumping data for table `CUSTOMER`
--

LOCK TABLES `CUSTOMER` WRITE;
/*!40000 ALTER TABLE `CUSTOMER` DISABLE KEYS */;
INSERT INTO `CUSTOMER` VALUES (1,'Yanan','Xu'),(2,'Barry','Silis'),(3,'Hadas','Yezekel'),(4,'aa','aa'),(5,'yanan','1'),(6,'Moran','Lev'),(7,'jk','kj'),(8,'Yair','Tzur'),(9,'Paco','Luo'),(10,'asdf','asdf'),(11,'ta','et'),(12,'yanan','123'),(13,'ad','adsf');
/*!40000 ALTER TABLE `CUSTOMER` ENABLE KEYS */;
UNLOCK TABLES;

--
-- Table structure for table `HOTEL`
--

DROP TABLE IF EXISTS `HOTEL`;
/*!40101 SET @saved_cs_client     = @@character_set_client */;
/*!40101 SET character_set_client = utf8 */;
CREATE TABLE `HOTEL` (
  `hotel_id` int(11) NOT NULL AUTO_INCREMENT,
  `hotel_name` varchar(45) NOT NULL,
  `hotel_location` varchar(45) NOT NULL,
  `hotel_ppn` int(11) NOT NULL,
  PRIMARY KEY (`hotel_id`)
) ENGINE=InnoDB AUTO_INCREMENT=9 DEFAULT CHARSET=latin1;
/*!40101 SET character_set_client = @saved_cs_client */;

--
-- Dumping data for table `HOTEL`
--

LOCK TABLES `HOTEL` WRITE;
/*!40000 ALTER TABLE `HOTEL` DISABLE KEYS */;
INSERT INTO `HOTEL` VALUES (2,'Crown Plaza','Sydney',250),(3,'Novotel','Sydney',200),(4,'Sheraton','Sydney',230),(5,'Crown Plaza','Brisbane',215),(6,'Meriot','Brisbane',220),(7,'Hyatt','Melbourne',300),(8,'Crown Towers','Melbourne',350);
/*!40000 ALTER TABLE `HOTEL` ENABLE KEYS */;
UNLOCK TABLES;

--
-- Table structure for table `HOTEL_BOOKING`
--

DROP TABLE IF EXISTS `HOTEL_BOOKING`;
/*!40101 SET @saved_cs_client     = @@character_set_client */;
/*!40101 SET character_set_client = utf8 */;
CREATE TABLE `HOTEL_BOOKING` (
  `hb_hotel_id` int(11) NOT NULL,
  `hb_customer_id` int(11) NOT NULL,
  `hb_cidate` datetime(3) NOT NULL,
  `hb_codate` datetime(3) NOT NULL,
  `hb_price` decimal(18,0) NOT NULL,
  `hb_booking_id` int(11) NOT NULL AUTO_INCREMENT,
  PRIMARY KEY (`hb_booking_id`)
) ENGINE=InnoDB AUTO_INCREMENT=16001 DEFAULT CHARSET=latin1 MAX_ROWS=2100;
/*!40101 SET character_set_client = @saved_cs_client */;

--
-- Dumping data for table `HOTEL_BOOKING`
--

LOCK TABLES `HOTEL_BOOKING` WRITE;
/*!40000 ALTER TABLE `HOTEL_BOOKING` DISABLE KEYS */;
INSERT INTO `HOTEL_BOOKING` VALUES (8,2,'2014-06-22 00:00:00.000','2014-06-24 00:00:00.000',700,14001),(8,3,'2014-06-22 00:00:00.000','2014-06-24 00:00:00.000',700,14002),(8,6,'2014-06-22 00:00:00.000','2014-06-24 00:00:00.000',700,14003),(8,8,'2014-06-22 00:00:00.000','2014-06-24 00:00:00.000',700,14004),(8,2,'2014-06-22 00:00:00.000','2014-06-24 00:00:00.000',700,14005),(8,3,'2014-06-22 00:00:00.000','2014-06-24 00:00:00.000',700,14006),(8,6,'2014-06-22 00:00:00.000','2014-06-24 00:00:00.000',700,14007),(8,8,'2014-06-22 00:00:00.000','2014-06-24 00:00:00.000',700,14008),(8,2,'2014-06-22 00:00:00.000','2014-06-24 00:00:00.000',700,14009),(8,3,'2014-06-22 00:00:00.000','2014-06-24 00:00:00.000',700,14010),(8,6,'2014-06-22 00:00:00.000','2014-06-24 00:00:00.000',700,14011),(8,8,'2014-06-22 00:00:00.000','2014-06-24 00:00:00.000',700,14012),(8,2,'2014-06-22 00:00:00.000','2014-06-24 00:00:00.000',700,14013),(8,3,'2014-06-22 00:00:00.000','2014-06-24 00:00:00.000',700,14014),(8,6,'2014-06-22 00:00:00.000','2014-06-24 00:00:00.000',700,14015),(8,8,'2014-06-22 00:00:00.000','2014-06-24 00:00:00.000',700,14016),(8,2,'2014-06-22 00:00:00.000','2014-06-24 00:00:00.000',700,14017),(8,3,'2014-06-22 00:00:00.000','2014-06-24 00:00:00.000',700,14018),(8,6,'2014-06-22 00:00:00.000','2014-06-24 00:00:00.000',700,14019),(8,8,'2014-06-22 00:00:00.000','2014-06-24 00:00:00.000',700,14020),(8,2,'2014-06-22 00:00:00.000','2014-06-24 00:00:00.000',700,14021),(8,3,'2014-06-22 00:00:00.000','2014-06-24 00:00:00.000',700,14022),(8,6,'2014-06-22 00:00:00.000','2014-06-24 00:00:00.000',700,14023),(8,8,'2014-06-22 00:00:00.000','2014-06-24 00:00:00.000',700,14024),(8,2,'2014-06-22 00:00:00.000','2014-06-24 00:00:00.000',700,14025),(8,3,'2014-06-22 00:00:00.000','2014-06-24 00:00:00.000',700,14026),(8,6,'2014-06-22 00:00:00.000','2014-06-24 00:00:00.000',700,14027),(8,8,'2014-06-22 00:00:00.000','2014-06-24 00:00:00.000',700,14028),(8,2,'2014-06-22 00:00:00.000','2014-06-24 00:00:00.000',700,14029),(8,3,'2014-06-22 00:00:00.000','2014-06-24 00:00:00.000',700,14030),(8,6,'2014-06-22 00:00:00.000','2014-06-24 00:00:00.000',700,14031),(8,8,'2014-06-22 00:00:00.000','2014-06-24 00:00:00.000',700,14032),(8,2,'2014-06-22 00:00:00.000','2014-06-24 00:00:00.000',700,14033),(8,3,'2014-06-22 00:00:00.000','2014-06-24 00:00:00.000',700,14034),(8,6,'2014-06-22 00:00:00.000','2014-06-24 00:00:00.000',700,14035),(8,8,'2014-06-22 00:00:00.000','2014-06-24 00:00:00.000',700,14036),(8,2,'2014-06-22 00:00:00.000','2014-06-24 00:00:00.000',700,14037),(8,3,'2014-06-22 00:00:00.000','2014-06-24 00:00:00.000',700,14038),(8,6,'2014-06-22 00:00:00.000','2014-06-24 00:00:00.000',700,14039),(8,8,'2014-06-22 00:00:00.000','2014-06-24 00:00:00.000',700,14040),(8,2,'2014-06-22 00:00:00.000','2014-06-24 00:00:00.000',700,14041),(8,3,'2014-06-22 00:00:00.000','2014-06-24 00:00:00.000',700,14042),(8,6,'2014-06-22 00:00:00.000','2014-06-24 00:00:00.000',700,14043),(8,8,'2014-06-22 00:00:00.000','2014-06-24 00:00:00.000',700,14044),(8,2,'2014-06-22 00:00:00.000','2014-06-24 00:00:00.000',700,14045),(8,3,'2014-06-22 00:00:00.000','2014-06-24 00:00:00.000',700,14046),(8,6,'2014-06-22 00:00:00.000','2014-06-24 00:00:00.000',700,14047),(8,8,'2014-06-22 00:00:00.000','2014-06-24 00:00:00.000',700,14048),(8,2,'2014-06-22 00:00:00.000','2014-06-24 00:00:00.000',700,14049),(8,3,'2014-06-22 00:00:00.000','2014-06-24 00:00:00.000',700,14050),(8,6,'2014-06-22 00:00:00.000','2014-06-24 00:00:00.000',700,14051),(8,8,'2014-06-22 00:00:00.000','2014-06-24 00:00:00.000',700,14052),(8,2,'2014-06-22 00:00:00.000','2014-06-24 00:00:00.000',700,14053),(8,3,'2014-06-22 00:00:00.000','2014-06-24 00:00:00.000',700,14054),(8,6,'2014-06-22 00:00:00.000','2014-06-24 00:00:00.000',700,14055),(8,8,'2014-06-22 00:00:00.000','2014-06-24 00:00:00.000',700,14056),(8,2,'2014-06-22 00:00:00.000','2014-06-24 00:00:00.000',700,14057),(8,3,'2014-06-22 00:00:00.000','2014-06-24 00:00:00.000',700,14058),(8,6,'2014-06-22 00:00:00.000','2014-06-24 00:00:00.000',700,14059),(8,8,'2014-06-22 00:00:00.000','2014-06-24 00:00:00.000',700,14060),(8,2,'2014-06-22 00:00:00.000','2014-06-24 00:00:00.000',700,14061),(8,3,'2014-06-22 00:00:00.000','2014-06-24 00:00:00.000',700,14062),(8,6,'2014-06-22 00:00:00.000','2014-06-24 00:00:00.000',700,14063),(8,8,'2014-06-22 00:00:00.000','2014-06-24 00:00:00.000',700,14064),(8,2,'2014-06-22 00:00:00.000','2014-06-24 00:00:00.000',700,14065),(8,3,'2014-06-22 00:00:00.000','2014-06-24 00:00:00.000',700,14066),(8,6,'2014-06-22 00:00:00.000','2014-06-24 00:00:00.000',700,14067),(8,8,'2014-06-22 00:00:00.000','2014-06-24 00:00:00.000',700,14068),(8,2,'2014-06-22 00:00:00.000','2014-06-24 00:00:00.000',700,14069),(8,3,'2014-06-22 00:00:00.000','2014-06-24 00:00:00.000',700,14070),(8,6,'2014-06-22 00:00:00.000','2014-06-24 00:00:00.000',700,14071),(8,8,'2014-06-22 00:00:00.000','2014-06-24 00:00:00.000',700,14072),(8,2,'2014-06-22 00:00:00.000','2014-06-24 00:00:00.000',700,14073),(8,3,'2014-06-22 00:00:00.000','2014-06-24 00:00:00.000',700,14074),(8,6,'2014-06-22 00:00:00.000','2014-06-24 00:00:00.000',700,14075),(8,8,'2014-06-22 00:00:00.000','2014-06-24 00:00:00.000',700,14076),(8,2,'2014-06-22 00:00:00.000','2014-06-24 00:00:00.000',700,14077),(8,3,'2014-06-22 00:00:00.000','2014-06-24 00:00:00.000',700,14078),(8,6,'2014-06-22 00:00:00.000','2014-06-24 00:00:00.000',700,14079),(8,8,'2014-06-22 00:00:00.000','2014-06-24 00:00:00.000',700,14080),(8,2,'2014-06-22 00:00:00.000','2014-06-24 00:00:00.000',700,14081),(8,3,'2014-06-22 00:00:00.000','2014-06-24 00:00:00.000',700,14082),(8,6,'2014-06-22 00:00:00.000','2014-06-24 00:00:00.000',700,14083),(8,8,'2014-06-22 00:00:00.000','2014-06-24 00:00:00.000',700,14084),(8,2,'2014-06-22 00:00:00.000','2014-06-24 00:00:00.000',700,14085),(8,3,'2014-06-22 00:00:00.000','2014-06-24 00:00:00.000',700,14086),(8,6,'2014-06-22 00:00:00.000','2014-06-24 00:00:00.000',700,14087),(8,8,'2014-06-22 00:00:00.000','2014-06-24 00:00:00.000',700,14088),(8,2,'2014-06-22 00:00:00.000','2014-06-24 00:00:00.000',700,14089),(8,3,'2014-06-22 00:00:00.000','2014-06-24 00:00:00.000',700,14090),(8,6,'2014-06-22 00:00:00.000','2014-06-24 00:00:00.000',700,14091),(8,8,'2014-06-22 00:00:00.000','2014-06-24 00:00:00.000',700,14092),(8,2,'2014-06-22 00:00:00.000','2014-06-24 00:00:00.000',700,14093),(8,3,'2014-06-22 00:00:00.000','2014-06-24 00:00:00.000',700,14094),(7,1,'2015-09-10 00:00:00.000','2015-09-11 00:00:00.000',99,14095),(7,1,'2015-09-10 00:00:00.000','2015-09-11 00:00:00.000',99,14096),(7,1,'2015-09-10 00:00:00.000','2015-09-11 00:00:00.000',99,14097),(7,1,'2015-09-10 00:00:00.000','2015-09-11 00:00:00.000',99,14098),(7,1,'2015-09-10 00:00:00.000','2015-09-11 00:00:00.000',99,14099),(7,1,'2015-09-10 00:00:00.000','2015-09-11 00:00:00.000',99,14100),(7,1,'2015-09-10 00:00:00.000','2015-09-11 00:00:00.000',99,14101),(7,1,'2015-09-10 00:00:00.000','2015-09-11 00:00:00.000',99,14102),(7,1,'2015-09-10 00:00:00.000','2015-09-11 00:00:00.000',99,14103),(7,1,'2015-09-10 00:00:00.000','2015-09-11 00:00:00.000',99,14104),(7,1,'2015-09-10 00:00:00.000','2015-09-11 00:00:00.000',99,14105),(7,1,'2015-09-10 00:00:00.000','2015-09-11 00:00:00.000',99,14106),(7,1,'2015-09-10 00:00:00.000','2015-09-11 00:00:00.000',99,14107),(7,1,'2015-09-10 00:00:00.000','2015-09-11 00:00:00.000',99,14108),(7,1,'2015-09-10 00:00:00.000','2015-09-11 00:00:00.000',99,14109),(7,1,'2015-09-10 00:00:00.000','2015-09-11 00:00:00.000',99,14110),(7,1,'2015-09-10 00:00:00.000','2015-09-11 00:00:00.000',99,14111),(7,1,'2015-09-10 00:00:00.000','2015-09-11 00:00:00.000',99,14112),(7,1,'2015-09-10 00:00:00.000','2015-09-11 00:00:00.000',99,14113),(7,1,'2015-09-10 00:00:00.000','2015-09-11 00:00:00.000',99,14114),(7,1,'2015-09-10 00:00:00.000','2015-09-11 00:00:00.000',99,14115),(7,1,'2015-09-10 00:00:00.000','2015-09-11 00:00:00.000',99,14116),(7,1,'2015-09-10 00:00:00.000','2015-09-11 00:00:00.000',99,14117),(7,1,'2015-09-10 00:00:00.000','2015-09-11 00:00:00.000',99,14118),(7,1,'2015-09-10 00:00:00.000','2015-09-11 00:00:00.000',99,14119),(7,1,'2015-09-10 00:00:00.000','2015-09-11 00:00:00.000',99,14120),(7,1,'2015-09-10 00:00:00.000','2015-09-11 00:00:00.000',99,14121),(7,1,'2015-09-10 00:00:00.000','2015-09-11 00:00:00.000',99,14122),(7,1,'2015-09-10 00:00:00.000','2015-09-11 00:00:00.000',99,14123),(7,1,'2015-09-10 00:00:00.000','2015-09-11 00:00:00.000',99,14124),(7,1,'2015-09-10 00:00:00.000','2015-09-11 00:00:00.000',99,14125),(7,1,'2015-09-10 00:00:00.000','2015-09-11 00:00:00.000',99,14126),(7,1,'2015-09-10 00:00:00.000','2015-09-11 00:00:00.000',99,14127),(7,1,'2015-09-10 00:00:00.000','2015-09-11 00:00:00.000',99,14128),(7,1,'2015-09-10 00:00:00.000','2015-09-11 00:00:00.000',99,14129),(7,1,'2015-09-10 00:00:00.000','2015-09-11 00:00:00.000',99,14130),(7,1,'2015-09-10 00:00:00.000','2015-09-11 00:00:00.000',99,14131),(7,1,'2015-09-10 00:00:00.000','2015-09-11 00:00:00.000',99,14132),(7,1,'2015-09-10 00:00:00.000','2015-09-11 00:00:00.000',99,14133),(7,1,'2015-09-10 00:00:00.000','2015-09-11 00:00:00.000',99,14134),(7,1,'2015-09-10 00:00:00.000','2015-09-11 00:00:00.000',99,14135),(7,1,'2015-09-10 00:00:00.000','2015-09-11 00:00:00.000',99,14136),(7,1,'2015-09-10 00:00:00.000','2015-09-11 00:00:00.000',99,14137),(7,1,'2015-09-10 00:00:00.000','2015-09-11 00:00:00.000',99,14138),(7,1,'2015-09-10 00:00:00.000','2015-09-11 00:00:00.000',99,14139),(7,1,'2015-09-10 00:00:00.000','2015-09-11 00:00:00.000',99,14140),(7,1,'2015-09-10 00:00:00.000','2015-09-11 00:00:00.000',99,14141),(7,1,'2015-09-10 00:00:00.000','2015-09-11 00:00:00.000',99,14142),(7,1,'2015-09-10 00:00:00.000','2015-09-11 00:00:00.000',99,14143),(7,1,'2015-09-10 00:00:00.000','2015-09-11 00:00:00.000',99,14144),(7,1,'2015-09-10 00:00:00.000','2015-09-11 00:00:00.000',99,14145),(7,1,'2015-09-10 00:00:00.000','2015-09-11 00:00:00.000',99,14146),(7,1,'2015-09-10 00:00:00.000','2015-09-11 00:00:00.000',99,14147),(7,1,'2015-09-10 00:00:00.000','2015-09-11 00:00:00.000',99,14148),(7,1,'2015-09-10 00:00:00.000','2015-09-11 00:00:00.000',99,14149),(7,1,'2015-09-10 00:00:00.000','2015-09-11 00:00:00.000',99,14150),(7,1,'2015-09-10 00:00:00.000','2015-09-11 00:00:00.000',99,14151),(7,1,'2015-09-10 00:00:00.000','2015-09-11 00:00:00.000',99,14152),(7,1,'2015-09-10 00:00:00.000','2015-09-11 00:00:00.000',99,14153),(7,1,'2015-09-10 00:00:00.000','2015-09-11 00:00:00.000',99,14154),(7,1,'2015-09-10 00:00:00.000','2015-09-11 00:00:00.000',99,14155),(7,1,'2015-09-10 00:00:00.000','2015-09-11 00:00:00.000',99,14156),(7,1,'2015-09-10 00:00:00.000','2015-09-11 00:00:00.000',99,14157),(7,1,'2015-09-10 00:00:00.000','2015-09-11 00:00:00.000',99,14158),(7,1,'2015-09-10 00:00:00.000','2015-09-11 00:00:00.000',99,14159),(7,1,'2015-09-10 00:00:00.000','2015-09-11 00:00:00.000',99,14160),(7,1,'2015-09-10 00:00:00.000','2015-09-11 00:00:00.000',99,14161),(7,1,'2015-09-10 00:00:00.000','2015-09-11 00:00:00.000',99,14162),(7,1,'2015-09-10 00:00:00.000','2015-09-11 00:00:00.000',99,14163),(7,1,'2015-09-10 00:00:00.000','2015-09-11 00:00:00.000',99,14164),(7,1,'2015-09-10 00:00:00.000','2015-09-11 00:00:00.000',99,14165),(7,1,'2015-09-10 00:00:00.000','2015-09-11 00:00:00.000',99,14166),(7,1,'2015-09-10 00:00:00.000','2015-09-11 00:00:00.000',99,14167),(7,1,'2015-09-10 00:00:00.000','2015-09-11 00:00:00.000',99,14168),(7,1,'2015-09-10 00:00:00.000','2015-09-11 00:00:00.000',99,14169),(7,1,'2015-09-10 00:00:00.000','2015-09-11 00:00:00.000',99,14170),(7,1,'2015-09-10 00:00:00.000','2015-09-11 00:00:00.000',99,14171),(7,1,'2015-09-10 00:00:00.000','2015-09-11 00:00:00.000',99,14172),(7,1,'2015-09-10 00:00:00.000','2015-09-11 00:00:00.000',99,14173),(7,1,'2015-09-10 00:00:00.000','2015-09-11 00:00:00.000',99,14174),(7,1,'2015-09-10 00:00:00.000','2015-09-11 00:00:00.000',99,14175),(7,1,'2015-09-10 00:00:00.000','2015-09-11 00:00:00.000',99,14176),(7,1,'2015-09-10 00:00:00.000','2015-09-11 00:00:00.000',99,14177),(7,1,'2015-09-10 00:00:00.000','2015-09-11 00:00:00.000',99,14178),(7,1,'2015-09-10 00:00:00.000','2015-09-11 00:00:00.000',99,14179),(7,1,'2015-09-10 00:00:00.000','2015-09-11 00:00:00.000',99,14180),(7,1,'2015-09-10 00:00:00.000','2015-09-11 00:00:00.000',99,14181),(7,1,'2015-09-10 00:00:00.000','2015-09-11 00:00:00.000',99,14182),(7,1,'2015-09-10 00:00:00.000','2015-09-11 00:00:00.000',99,14183),(7,1,'2015-09-10 00:00:00.000','2015-09-11 00:00:00.000',99,14184),(7,1,'2015-09-10 00:00:00.000','2015-09-11 00:00:00.000',99,14185),(7,1,'2015-09-10 00:00:00.000','2015-09-11 00:00:00.000',99,14186),(7,1,'2015-09-10 00:00:00.000','2015-09-11 00:00:00.000',99,14187),(7,1,'2015-09-10 00:00:00.000','2015-09-11 00:00:00.000',99,14188),(7,1,'2015-09-10 00:00:00.000','2015-09-11 00:00:00.000',99,14189),(7,1,'2015-09-10 00:00:00.000','2015-09-11 00:00:00.000',99,14190),(7,1,'2015-09-10 00:00:00.000','2015-09-11 00:00:00.000',99,14191),(7,1,'2015-09-10 00:00:00.000','2015-09-11 00:00:00.000',99,14192),(7,1,'2015-09-10 00:00:00.000','2015-09-11 00:00:00.000',99,14193),(7,1,'2015-09-10 00:00:00.000','2015-09-11 00:00:00.000',99,14194),(7,1,'2015-09-10 00:00:00.000','2015-09-11 00:00:00.000',99,14195),(7,1,'2015-09-10 00:00:00.000','2015-09-11 00:00:00.000',99,14196),(7,1,'2015-09-10 00:00:00.000','2015-09-11 00:00:00.000',99,14197),(7,1,'2015-09-10 00:00:00.000','2015-09-11 00:00:00.000',99,14198),(7,1,'2015-09-10 00:00:00.000','2015-09-11 00:00:00.000',99,14199),(7,1,'2015-09-10 00:00:00.000','2015-09-11 00:00:00.000',99,14200),(7,1,'2015-09-10 00:00:00.000','2015-09-11 00:00:00.000',99,14201),(7,1,'2015-09-10 00:00:00.000','2015-09-11 00:00:00.000',99,14202),(7,1,'2015-09-10 00:00:00.000','2015-09-11 00:00:00.000',99,14203),(7,1,'2015-09-10 00:00:00.000','2015-09-11 00:00:00.000',99,14204),(7,1,'2015-09-10 00:00:00.000','2015-09-11 00:00:00.000',99,14205),(7,1,'2015-09-10 00:00:00.000','2015-09-11 00:00:00.000',99,14206),(7,1,'2015-09-10 00:00:00.000','2015-09-11 00:00:00.000',99,14207),(7,1,'2015-09-10 00:00:00.000','2015-09-11 00:00:00.000',99,14208),(7,1,'2015-09-10 00:00:00.000','2015-09-11 00:00:00.000',99,14209),(7,1,'2015-09-10 00:00:00.000','2015-09-11 00:00:00.000',99,14210),(7,1,'2015-09-10 00:00:00.000','2015-09-11 00:00:00.000',99,14211),(7,1,'2015-09-10 00:00:00.000','2015-09-11 00:00:00.000',99,14212),(7,1,'2015-09-10 00:00:00.000','2015-09-11 00:00:00.000',99,14213),(7,1,'2015-09-10 00:00:00.000','2015-09-11 00:00:00.000',99,14214),(7,1,'2015-09-10 00:00:00.000','2015-09-11 00:00:00.000',99,14215),(7,1,'2015-09-10 00:00:00.000','2015-09-11 00:00:00.000',99,14216),(7,1,'2015-09-10 00:00:00.000','2015-09-11 00:00:00.000',99,14217),(7,1,'2015-09-10 00:00:00.000','2015-09-11 00:00:00.000',99,14218),(7,1,'2015-09-10 00:00:00.000','2015-09-11 00:00:00.000',99,14219),(7,1,'2015-09-10 00:00:00.000','2015-09-11 00:00:00.000',99,14220),(7,1,'2015-09-10 00:00:00.000','2015-09-11 00:00:00.000',99,14221),(7,1,'2015-09-10 00:00:00.000','2015-09-11 00:00:00.000',99,14222),(7,1,'2015-09-10 00:00:00.000','2015-09-11 00:00:00.000',99,14223),(7,1,'2015-09-10 00:00:00.000','2015-09-11 00:00:00.000',99,14224),(7,1,'2015-09-10 00:00:00.000','2015-09-11 00:00:00.000',99,14225),(7,1,'2015-09-10 00:00:00.000','2015-09-11 00:00:00.000',99,14226),(7,1,'2015-09-10 00:00:00.000','2015-09-11 00:00:00.000',99,14227),(7,1,'2015-09-10 00:00:00.000','2015-09-11 00:00:00.000',99,14228),(7,1,'2015-09-10 00:00:00.000','2015-09-11 00:00:00.000',99,14229),(7,1,'2015-09-10 00:00:00.000','2015-09-11 00:00:00.000',99,14230),(7,1,'2015-09-10 00:00:00.000','2015-09-11 00:00:00.000',99,14231),(7,1,'2015-09-10 00:00:00.000','2015-09-11 00:00:00.000',99,14232),(7,1,'2015-09-10 00:00:00.000','2015-09-11 00:00:00.000',99,14233),(7,1,'2015-09-10 00:00:00.000','2015-09-11 00:00:00.000',99,14234),(7,1,'2015-09-10 00:00:00.000','2015-09-11 00:00:00.000',99,14235),(7,1,'2015-09-10 00:00:00.000','2015-09-11 00:00:00.000',99,14236),(7,1,'2015-09-10 00:00:00.000','2015-09-11 00:00:00.000',99,14237),(7,1,'2015-09-10 00:00:00.000','2015-09-11 00:00:00.000',99,14238),(7,1,'2015-09-10 00:00:00.000','2015-09-11 00:00:00.000',99,14239),(7,1,'2015-09-10 00:00:00.000','2015-09-11 00:00:00.000',99,14240),(7,1,'2015-09-10 00:00:00.000','2015-09-11 00:00:00.000',99,14241),(7,1,'2015-09-10 00:00:00.000','2015-09-11 00:00:00.000',99,14242),(7,1,'2015-09-10 00:00:00.000','2015-09-11 00:00:00.000',99,14243),(7,1,'2015-09-10 00:00:00.000','2015-09-11 00:00:00.000',99,14244),(7,1,'2015-09-10 00:00:00.000','2015-09-11 00:00:00.000',99,14245),(7,1,'2015-09-10 00:00:00.000','2015-09-11 00:00:00.000',99,14246),(7,1,'2015-09-10 00:00:00.000','2015-09-11 00:00:00.000',99,14247),(7,1,'2015-09-10 00:00:00.000','2015-09-11 00:00:00.000',99,14248),(7,1,'2015-09-10 00:00:00.000','2015-09-11 00:00:00.000',99,14249),(7,1,'2015-09-10 00:00:00.000','2015-09-11 00:00:00.000',99,14250),(7,1,'2015-09-10 00:00:00.000','2015-09-11 00:00:00.000',99,14251),(7,1,'2015-09-10 00:00:00.000','2015-09-11 00:00:00.000',99,14252),(7,1,'2015-09-10 00:00:00.000','2015-09-11 00:00:00.000',99,14253),(7,1,'2015-09-10 00:00:00.000','2015-09-11 00:00:00.000',99,14254),(7,1,'2015-09-10 00:00:00.000','2015-09-11 00:00:00.000',99,14255),(7,1,'2015-09-10 00:00:00.000','2015-09-11 00:00:00.000',99,14256),(7,1,'2015-09-10 00:00:00.000','2015-09-11 00:00:00.000',99,14257),(7,1,'2015-09-10 00:00:00.000','2015-09-11 00:00:00.000',99,14258),(7,1,'2015-09-10 00:00:00.000','2015-09-11 00:00:00.000',99,14259),(7,1,'2015-09-10 00:00:00.000','2015-09-11 00:00:00.000',99,14260),(7,1,'2015-09-10 00:00:00.000','2015-09-11 00:00:00.000',99,14261),(7,1,'2015-09-10 00:00:00.000','2015-09-11 00:00:00.000',99,14262),(7,1,'2015-09-10 00:00:00.000','2015-09-11 00:00:00.000',99,14263),(7,1,'2015-09-10 00:00:00.000','2015-09-11 00:00:00.000',99,14264),(7,1,'2015-09-10 00:00:00.000','2015-09-11 00:00:00.000',99,14265),(7,1,'2015-09-10 00:00:00.000','2015-09-11 00:00:00.000',99,14266),(7,1,'2015-09-10 00:00:00.000','2015-09-11 00:00:00.000',99,14267),(7,1,'2015-09-10 00:00:00.000','2015-09-11 00:00:00.000',99,14268),(7,1,'2015-09-10 00:00:00.000','2015-09-11 00:00:00.000',99,14269),(7,1,'2015-09-10 00:00:00.000','2015-09-11 00:00:00.000',99,14270),(7,1,'2015-09-10 00:00:00.000','2015-09-11 00:00:00.000',99,14271),(7,1,'2015-09-10 00:00:00.000','2015-09-11 00:00:00.000',99,14272),(7,1,'2015-09-10 00:00:00.000','2015-09-11 00:00:00.000',99,14273),(7,1,'2015-09-10 00:00:00.000','2015-09-11 00:00:00.000',99,14274),(7,1,'2015-09-10 00:00:00.000','2015-09-11 00:00:00.000',99,14275),(7,1,'2015-09-10 00:00:00.000','2015-09-11 00:00:00.000',99,14276),(7,1,'2015-09-10 00:00:00.000','2015-09-11 00:00:00.000',99,14277),(7,1,'2015-09-10 00:00:00.000','2015-09-11 00:00:00.000',99,14278),(7,1,'2015-09-10 00:00:00.000','2015-09-11 00:00:00.000',99,14279),(7,1,'2015-09-10 00:00:00.000','2015-09-11 00:00:00.000',99,14280),(7,1,'2015-09-10 00:00:00.000','2015-09-11 00:00:00.000',99,14281),(7,1,'2015-09-10 00:00:00.000','2015-09-11 00:00:00.000',99,14282),(7,1,'2015-09-10 00:00:00.000','2015-09-11 00:00:00.000',99,14283),(7,1,'2015-09-10 00:00:00.000','2015-09-11 00:00:00.000',99,14284),(7,1,'2015-09-10 00:00:00.000','2015-09-11 00:00:00.000',99,14285),(7,1,'2015-09-10 00:00:00.000','2015-09-11 00:00:00.000',99,14286),(7,1,'2015-09-10 00:00:00.000','2015-09-11 00:00:00.000',99,14287),(7,1,'2015-09-10 00:00:00.000','2015-09-11 00:00:00.000',99,14288),(7,1,'2015-09-10 00:00:00.000','2015-09-11 00:00:00.000',99,14289),(7,1,'2015-09-10 00:00:00.000','2015-09-11 00:00:00.000',99,14290),(7,1,'2015-09-10 00:00:00.000','2015-09-11 00:00:00.000',99,14291),(7,1,'2015-09-10 00:00:00.000','2015-09-11 00:00:00.000',99,14292),(7,1,'2015-09-10 00:00:00.000','2015-09-11 00:00:00.000',99,14293),(7,1,'2015-09-10 00:00:00.000','2015-09-11 00:00:00.000',99,14294),(7,1,'2015-09-10 00:00:00.000','2015-09-11 00:00:00.000',99,14295),(7,1,'2015-09-10 00:00:00.000','2015-09-11 00:00:00.000',99,14296),(7,1,'2015-09-10 00:00:00.000','2015-09-11 00:00:00.000',99,14297),(7,1,'2015-09-10 00:00:00.000','2015-09-11 00:00:00.000',99,14298),(7,1,'2015-09-10 00:00:00.000','2015-09-11 00:00:00.000',99,14299),(7,1,'2015-09-10 00:00:00.000','2015-09-11 00:00:00.000',99,14300),(7,1,'2015-09-10 00:00:00.000','2015-09-11 00:00:00.000',99,14301),(7,1,'2015-09-10 00:00:00.000','2015-09-11 00:00:00.000',99,14302),(7,1,'2015-09-10 00:00:00.000','2015-09-11 00:00:00.000',99,14303),(7,1,'2015-09-10 00:00:00.000','2015-09-11 00:00:00.000',99,14304),(7,1,'2015-09-10 00:00:00.000','2015-09-11 00:00:00.000',99,14305),(7,1,'2015-09-10 00:00:00.000','2015-09-11 00:00:00.000',99,14306),(7,1,'2015-09-10 00:00:00.000','2015-09-11 00:00:00.000',99,14307),(7,1,'2015-09-10 00:00:00.000','2015-09-11 00:00:00.000',99,14308),(7,1,'2015-09-10 00:00:00.000','2015-09-11 00:00:00.000',99,14309),(7,1,'2015-09-10 00:00:00.000','2015-09-11 00:00:00.000',99,14310),(7,1,'2015-09-10 00:00:00.000','2015-09-11 00:00:00.000',99,14311),(7,1,'2015-09-10 00:00:00.000','2015-09-11 00:00:00.000',99,14312),(7,1,'2015-09-10 00:00:00.000','2015-09-11 00:00:00.000',99,14313),(7,1,'2015-09-10 00:00:00.000','2015-09-11 00:00:00.000',99,14314),(7,1,'2015-09-10 00:00:00.000','2015-09-11 00:00:00.000',99,14315),(7,1,'2015-09-10 00:00:00.000','2015-09-11 00:00:00.000',99,14316),(7,1,'2015-09-10 00:00:00.000','2015-09-11 00:00:00.000',99,14317),(7,1,'2015-09-10 00:00:00.000','2015-09-11 00:00:00.000',99,14318),(7,1,'2015-09-10 00:00:00.000','2015-09-11 00:00:00.000',99,14319),(7,1,'2015-09-10 00:00:00.000','2015-09-11 00:00:00.000',99,14320),(7,1,'2015-09-10 00:00:00.000','2015-09-11 00:00:00.000',99,14321),(7,1,'2015-09-10 00:00:00.000','2015-09-11 00:00:00.000',99,14322),(7,1,'2015-09-10 00:00:00.000','2015-09-11 00:00:00.000',99,14323),(7,1,'2015-09-10 00:00:00.000','2015-09-11 00:00:00.000',99,14324),(7,1,'2015-09-10 00:00:00.000','2015-09-11 00:00:00.000',99,14325),(7,1,'2015-09-10 00:00:00.000','2015-09-11 00:00:00.000',99,14326),(7,1,'2015-09-10 00:00:00.000','2015-09-11 00:00:00.000',99,14327),(7,1,'2015-09-10 00:00:00.000','2015-09-11 00:00:00.000',99,14328),(7,1,'2015-09-10 00:00:00.000','2015-09-11 00:00:00.000',99,14329),(7,1,'2015-09-10 00:00:00.000','2015-09-11 00:00:00.000',99,14330),(7,1,'2015-09-10 00:00:00.000','2015-09-11 00:00:00.000',99,14331),(7,1,'2015-09-10 00:00:00.000','2015-09-11 00:00:00.000',99,14332),(7,1,'2015-09-10 00:00:00.000','2015-09-11 00:00:00.000',99,14333),(7,1,'2015-09-10 00:00:00.000','2015-09-11 00:00:00.000',99,14334),(7,1,'2015-09-10 00:00:00.000','2015-09-11 00:00:00.000',99,14335),(7,1,'2015-09-10 00:00:00.000','2015-09-11 00:00:00.000',99,14336),(7,1,'2015-09-10 00:00:00.000','2015-09-11 00:00:00.000',99,14337),(7,1,'2015-09-10 00:00:00.000','2015-09-11 00:00:00.000',99,14338),(7,1,'2015-09-10 00:00:00.000','2015-09-11 00:00:00.000',99,14339),(7,1,'2015-09-10 00:00:00.000','2015-09-11 00:00:00.000',99,14340),(7,1,'2015-09-10 00:00:00.000','2015-09-11 00:00:00.000',99,14341),(7,1,'2015-09-10 00:00:00.000','2015-09-11 00:00:00.000',99,14342),(7,1,'2015-09-10 00:00:00.000','2015-09-11 00:00:00.000',99,14343),(7,1,'2015-09-10 00:00:00.000','2015-09-11 00:00:00.000',99,14344),(7,1,'2015-09-10 00:00:00.000','2015-09-11 00:00:00.000',99,14345),(7,1,'2015-09-10 00:00:00.000','2015-09-11 00:00:00.000',99,14346),(7,1,'2015-09-10 00:00:00.000','2015-09-11 00:00:00.000',99,14347),(7,1,'2015-09-10 00:00:00.000','2015-09-11 00:00:00.000',99,14348),(7,1,'2015-09-10 00:00:00.000','2015-09-11 00:00:00.000',99,14349),(7,1,'2015-09-10 00:00:00.000','2015-09-11 00:00:00.000',99,14350),(7,1,'2015-09-10 00:00:00.000','2015-09-11 00:00:00.000',99,14351),(7,1,'2015-09-10 00:00:00.000','2015-09-11 00:00:00.000',99,14352),(7,1,'2015-09-10 00:00:00.000','2015-09-11 00:00:00.000',99,14353),(7,1,'2015-09-10 00:00:00.000','2015-09-11 00:00:00.000',99,14354),(7,1,'2015-09-10 00:00:00.000','2015-09-11 00:00:00.000',99,14355),(7,1,'2015-09-10 00:00:00.000','2015-09-11 00:00:00.000',99,14356),(7,1,'2015-09-10 00:00:00.000','2015-09-11 00:00:00.000',99,14357),(7,1,'2015-09-10 00:00:00.000','2015-09-11 00:00:00.000',99,14358),(7,1,'2015-09-10 00:00:00.000','2015-09-11 00:00:00.000',99,14359),(7,1,'2015-09-10 00:00:00.000','2015-09-11 00:00:00.000',99,14360),(7,1,'2015-09-10 00:00:00.000','2015-09-11 00:00:00.000',99,14361),(7,1,'2015-09-10 00:00:00.000','2015-09-11 00:00:00.000',99,14362),(7,1,'2015-09-10 00:00:00.000','2015-09-11 00:00:00.000',99,14363),(7,1,'2015-09-10 00:00:00.000','2015-09-11 00:00:00.000',99,14364),(7,1,'2015-09-10 00:00:00.000','2015-09-11 00:00:00.000',99,14365),(7,1,'2015-09-10 00:00:00.000','2015-09-11 00:00:00.000',99,14366),(7,1,'2015-09-10 00:00:00.000','2015-09-11 00:00:00.000',99,14367),(7,1,'2015-09-10 00:00:00.000','2015-09-11 00:00:00.000',99,14368),(7,1,'2015-09-10 00:00:00.000','2015-09-11 00:00:00.000',99,14369),(7,1,'2015-09-10 00:00:00.000','2015-09-11 00:00:00.000',99,14370),(7,1,'2015-09-10 00:00:00.000','2015-09-11 00:00:00.000',99,14371),(7,1,'2015-09-10 00:00:00.000','2015-09-11 00:00:00.000',99,14372),(7,1,'2015-09-10 00:00:00.000','2015-09-11 00:00:00.000',99,14373),(7,1,'2015-09-10 00:00:00.000','2015-09-11 00:00:00.000',99,14374),(7,1,'2015-09-10 00:00:00.000','2015-09-11 00:00:00.000',99,14375),(7,1,'2015-09-10 00:00:00.000','2015-09-11 00:00:00.000',99,14376),(7,1,'2015-09-10 00:00:00.000','2015-09-11 00:00:00.000',99,14377),(7,1,'2015-09-10 00:00:00.000','2015-09-11 00:00:00.000',99,14378),(7,1,'2015-09-10 00:00:00.000','2015-09-11 00:00:00.000',99,14379),(7,1,'2015-09-10 00:00:00.000','2015-09-11 00:00:00.000',99,14380),(7,1,'2015-09-10 00:00:00.000','2015-09-11 00:00:00.000',99,14381),(7,1,'2015-09-10 00:00:00.000','2015-09-11 00:00:00.000',99,14382),(7,1,'2015-09-10 00:00:00.000','2015-09-11 00:00:00.000',99,14383),(7,1,'2015-09-10 00:00:00.000','2015-09-11 00:00:00.000',99,14384),(7,1,'2015-09-10 00:00:00.000','2015-09-11 00:00:00.000',99,14385),(7,1,'2015-09-10 00:00:00.000','2015-09-11 00:00:00.000',99,14386),(7,1,'2015-09-10 00:00:00.000','2015-09-11 00:00:00.000',99,14387),(7,1,'2015-09-10 00:00:00.000','2015-09-11 00:00:00.000',99,14388),(7,1,'2015-09-10 00:00:00.000','2015-09-11 00:00:00.000',99,14389),(7,1,'2015-09-10 00:00:00.000','2015-09-11 00:00:00.000',99,14390),(7,1,'2015-09-10 00:00:00.000','2015-09-11 00:00:00.000',99,14391),(7,1,'2015-09-10 00:00:00.000','2015-09-11 00:00:00.000',99,14392),(7,1,'2015-09-10 00:00:00.000','2015-09-11 00:00:00.000',99,14393),(7,1,'2015-09-10 00:00:00.000','2015-09-11 00:00:00.000',99,14394),(7,1,'2015-09-10 00:00:00.000','2015-09-11 00:00:00.000',99,14395),(7,1,'2015-09-10 00:00:00.000','2015-09-11 00:00:00.000',99,14396),(7,1,'2015-09-10 00:00:00.000','2015-09-11 00:00:00.000',99,14397),(7,1,'2015-09-10 00:00:00.000','2015-09-11 00:00:00.000',99,14398),(7,1,'2015-09-10 00:00:00.000','2015-09-11 00:00:00.000',99,14399),(7,1,'2015-09-10 00:00:00.000','2015-09-11 00:00:00.000',99,14400),(7,1,'2015-09-10 00:00:00.000','2015-09-11 00:00:00.000',99,14401),(7,1,'2015-09-10 00:00:00.000','2015-09-11 00:00:00.000',99,14402),(7,1,'2015-09-10 00:00:00.000','2015-09-11 00:00:00.000',99,14403),(7,1,'2015-09-10 00:00:00.000','2015-09-11 00:00:00.000',99,14404),(7,1,'2015-09-10 00:00:00.000','2015-09-11 00:00:00.000',99,14405),(7,1,'2015-09-10 00:00:00.000','2015-09-11 00:00:00.000',99,14406),(7,1,'2015-09-10 00:00:00.000','2015-09-11 00:00:00.000',99,14407),(7,1,'2015-09-10 00:00:00.000','2015-09-11 00:00:00.000',99,14408),(7,1,'2015-09-10 00:00:00.000','2015-09-11 00:00:00.000',99,14409),(7,1,'2015-09-10 00:00:00.000','2015-09-11 00:00:00.000',99,14410),(7,1,'2015-09-10 00:00:00.000','2015-09-11 00:00:00.000',99,14411),(7,1,'2015-09-10 00:00:00.000','2015-09-11 00:00:00.000',99,14412),(7,1,'2015-09-10 00:00:00.000','2015-09-11 00:00:00.000',99,14413),(7,1,'2015-09-10 00:00:00.000','2015-09-11 00:00:00.000',99,14414),(7,1,'2015-09-10 00:00:00.000','2015-09-11 00:00:00.000',99,14415),(7,1,'2015-09-10 00:00:00.000','2015-09-11 00:00:00.000',99,14416),(7,1,'2015-09-10 00:00:00.000','2015-09-11 00:00:00.000',99,14417),(7,1,'2015-09-10 00:00:00.000','2015-09-11 00:00:00.000',99,14418),(7,1,'2015-09-10 00:00:00.000','2015-09-11 00:00:00.000',99,14419),(7,1,'2015-09-10 00:00:00.000','2015-09-11 00:00:00.000',99,14420),(7,1,'2015-09-10 00:00:00.000','2015-09-11 00:00:00.000',99,14421),(7,1,'2015-09-10 00:00:00.000','2015-09-11 00:00:00.000',99,14422),(7,1,'2015-09-10 00:00:00.000','2015-09-11 00:00:00.000',99,14423),(7,1,'2015-09-10 00:00:00.000','2015-09-11 00:00:00.000',99,14424),(7,1,'2015-09-10 00:00:00.000','2015-09-11 00:00:00.000',99,14425),(7,1,'2015-09-10 00:00:00.000','2015-09-11 00:00:00.000',99,14426),(7,1,'2015-09-10 00:00:00.000','2015-09-11 00:00:00.000',99,14427),(7,1,'2015-09-10 00:00:00.000','2015-09-11 00:00:00.000',99,14428),(7,1,'2015-09-10 00:00:00.000','2015-09-11 00:00:00.000',99,14429),(7,1,'2015-09-10 00:00:00.000','2015-09-11 00:00:00.000',99,14430),(7,1,'2015-09-10 00:00:00.000','2015-09-11 00:00:00.000',99,14431),(7,1,'2015-09-10 00:00:00.000','2015-09-11 00:00:00.000',99,14432),(7,1,'2015-09-10 00:00:00.000','2015-09-11 00:00:00.000',99,14433),(7,1,'2015-09-10 00:00:00.000','2015-09-11 00:00:00.000',99,14434),(7,1,'2015-09-10 00:00:00.000','2015-09-11 00:00:00.000',99,14435),(7,1,'2015-09-10 00:00:00.000','2015-09-11 00:00:00.000',99,14436),(7,1,'2015-09-10 00:00:00.000','2015-09-11 00:00:00.000',99,14437),(7,1,'2015-09-10 00:00:00.000','2015-09-11 00:00:00.000',99,14438),(7,1,'2015-09-10 00:00:00.000','2015-09-11 00:00:00.000',99,14439),(7,1,'2015-09-10 00:00:00.000','2015-09-11 00:00:00.000',99,14440),(7,1,'2015-09-10 00:00:00.000','2015-09-11 00:00:00.000',99,14441),(7,1,'2015-09-10 00:00:00.000','2015-09-11 00:00:00.000',99,14442),(7,1,'2015-09-10 00:00:00.000','2015-09-11 00:00:00.000',99,14443),(7,1,'2015-09-10 00:00:00.000','2015-09-11 00:00:00.000',99,14444),(7,1,'2015-09-10 00:00:00.000','2015-09-11 00:00:00.000',99,14445),(7,1,'2015-09-10 00:00:00.000','2015-09-11 00:00:00.000',99,14446),(7,1,'2015-09-10 00:00:00.000','2015-09-11 00:00:00.000',99,14447),(7,1,'2015-09-10 00:00:00.000','2015-09-11 00:00:00.000',99,14448),(7,1,'2015-09-10 00:00:00.000','2015-09-11 00:00:00.000',99,14449),(7,1,'2015-09-10 00:00:00.000','2015-09-11 00:00:00.000',99,14450),(7,1,'2015-09-10 00:00:00.000','2015-09-11 00:00:00.000',99,14451),(7,1,'2015-09-10 00:00:00.000','2015-09-11 00:00:00.000',99,14452),(7,1,'2015-09-10 00:00:00.000','2015-09-11 00:00:00.000',99,14453),(7,1,'2015-09-10 00:00:00.000','2015-09-11 00:00:00.000',99,14454),(7,1,'2015-09-10 00:00:00.000','2015-09-11 00:00:00.000',99,14455),(7,1,'2015-09-10 00:00:00.000','2015-09-11 00:00:00.000',99,14456),(7,1,'2015-09-10 00:00:00.000','2015-09-11 00:00:00.000',99,14457),(7,1,'2015-09-10 00:00:00.000','2015-09-11 00:00:00.000',99,14458),(7,1,'2015-09-10 00:00:00.000','2015-09-11 00:00:00.000',99,14459),(7,1,'2015-09-10 00:00:00.000','2015-09-11 00:00:00.000',99,14460),(7,1,'2015-09-10 00:00:00.000','2015-09-11 00:00:00.000',99,14461),(7,1,'2015-09-10 00:00:00.000','2015-09-11 00:00:00.000',99,14462),(7,1,'2015-09-10 00:00:00.000','2015-09-11 00:00:00.000',99,14463),(7,1,'2015-09-10 00:00:00.000','2015-09-11 00:00:00.000',99,14464),(7,1,'2015-09-10 00:00:00.000','2015-09-11 00:00:00.000',99,14465),(7,1,'2015-09-10 00:00:00.000','2015-09-11 00:00:00.000',99,14466),(7,1,'2015-09-10 00:00:00.000','2015-09-11 00:00:00.000',99,14467),(7,1,'2015-09-10 00:00:00.000','2015-09-11 00:00:00.000',99,14468),(7,1,'2015-09-10 00:00:00.000','2015-09-11 00:00:00.000',99,14469),(7,1,'2015-09-10 00:00:00.000','2015-09-11 00:00:00.000',99,14470),(7,1,'2015-09-10 00:00:00.000','2015-09-11 00:00:00.000',99,14471),(7,1,'2015-09-10 00:00:00.000','2015-09-11 00:00:00.000',99,14472),(7,1,'2015-09-10 00:00:00.000','2015-09-11 00:00:00.000',99,14473),(7,1,'2015-09-10 00:00:00.000','2015-09-11 00:00:00.000',99,14474),(7,1,'2015-09-10 00:00:00.000','2015-09-11 00:00:00.000',99,14475),(7,1,'2015-09-10 00:00:00.000','2015-09-11 00:00:00.000',99,14476),(7,1,'2015-09-10 00:00:00.000','2015-09-11 00:00:00.000',99,14477),(7,1,'2015-09-10 00:00:00.000','2015-09-11 00:00:00.000',99,14478),(7,1,'2015-09-10 00:00:00.000','2015-09-11 00:00:00.000',99,14479),(7,1,'2015-09-10 00:00:00.000','2015-09-11 00:00:00.000',99,14480),(7,1,'2015-09-10 00:00:00.000','2015-09-11 00:00:00.000',99,14481),(7,1,'2015-09-10 00:00:00.000','2015-09-11 00:00:00.000',99,14482),(7,1,'2015-09-10 00:00:00.000','2015-09-11 00:00:00.000',99,14483),(7,1,'2015-09-10 00:00:00.000','2015-09-11 00:00:00.000',99,14484),(7,1,'2015-09-10 00:00:00.000','2015-09-11 00:00:00.000',99,14485),(7,1,'2015-09-10 00:00:00.000','2015-09-11 00:00:00.000',99,14486),(7,1,'2015-09-10 00:00:00.000','2015-09-11 00:00:00.000',99,14487),(7,1,'2015-09-10 00:00:00.000','2015-09-11 00:00:00.000',99,14488),(7,1,'2015-09-10 00:00:00.000','2015-09-11 00:00:00.000',99,14489),(7,1,'2015-09-10 00:00:00.000','2015-09-11 00:00:00.000',99,14490),(7,1,'2015-09-10 00:00:00.000','2015-09-11 00:00:00.000',99,14491),(7,1,'2015-09-10 00:00:00.000','2015-09-11 00:00:00.000',99,14492),(7,1,'2015-09-10 00:00:00.000','2015-09-11 00:00:00.000',99,14493),(7,1,'2015-09-10 00:00:00.000','2015-09-11 00:00:00.000',99,14494),(7,1,'2015-09-10 00:00:00.000','2015-09-11 00:00:00.000',99,14495),(7,1,'2015-09-10 00:00:00.000','2015-09-11 00:00:00.000',99,14496),(7,1,'2015-09-10 00:00:00.000','2015-09-11 00:00:00.000',99,14497),(7,1,'2015-09-10 00:00:00.000','2015-09-11 00:00:00.000',99,14498),(7,1,'2015-09-10 00:00:00.000','2015-09-11 00:00:00.000',99,14499),(7,1,'2015-09-10 00:00:00.000','2015-09-11 00:00:00.000',99,14500),(7,1,'2015-09-10 00:00:00.000','2015-09-11 00:00:00.000',99,14501),(7,1,'2015-09-10 00:00:00.000','2015-09-11 00:00:00.000',99,14502),(7,1,'2015-09-10 00:00:00.000','2015-09-11 00:00:00.000',99,14503),(7,1,'2015-09-10 00:00:00.000','2015-09-11 00:00:00.000',99,14504),(7,1,'2015-09-10 00:00:00.000','2015-09-11 00:00:00.000',99,14505),(7,1,'2015-09-10 00:00:00.000','2015-09-11 00:00:00.000',99,14506),(7,1,'2015-09-10 00:00:00.000','2015-09-11 00:00:00.000',99,14507),(7,1,'2015-09-10 00:00:00.000','2015-09-11 00:00:00.000',99,14508),(7,1,'2015-09-10 00:00:00.000','2015-09-11 00:00:00.000',99,14509),(7,1,'2015-09-10 00:00:00.000','2015-09-11 00:00:00.000',99,14510),(7,1,'2015-09-10 00:00:00.000','2015-09-11 00:00:00.000',99,14511),(7,1,'2015-09-10 00:00:00.000','2015-09-11 00:00:00.000',99,14512),(7,1,'2015-09-10 00:00:00.000','2015-09-11 00:00:00.000',99,14513),(7,1,'2015-09-10 00:00:00.000','2015-09-11 00:00:00.000',99,14514),(7,1,'2015-09-10 00:00:00.000','2015-09-11 00:00:00.000',99,14515),(7,1,'2015-09-10 00:00:00.000','2015-09-11 00:00:00.000',99,14516),(7,1,'2015-09-10 00:00:00.000','2015-09-11 00:00:00.000',99,14517),(7,1,'2015-09-10 00:00:00.000','2015-09-11 00:00:00.000',99,14518),(7,1,'2015-09-10 00:00:00.000','2015-09-11 00:00:00.000',99,14519),(7,1,'2015-09-10 00:00:00.000','2015-09-11 00:00:00.000',99,14520),(7,1,'2015-09-10 00:00:00.000','2015-09-11 00:00:00.000',99,14521),(7,1,'2015-09-10 00:00:00.000','2015-09-11 00:00:00.000',99,14522),(7,1,'2015-09-10 00:00:00.000','2015-09-11 00:00:00.000',99,14523),(7,1,'2015-09-10 00:00:00.000','2015-09-11 00:00:00.000',99,14524),(7,1,'2015-09-10 00:00:00.000','2015-09-11 00:00:00.000',99,14525),(7,1,'2015-09-10 00:00:00.000','2015-09-11 00:00:00.000',99,14526),(7,1,'2015-09-10 00:00:00.000','2015-09-11 00:00:00.000',99,14527),(7,1,'2015-09-10 00:00:00.000','2015-09-11 00:00:00.000',99,14528),(7,1,'2015-09-10 00:00:00.000','2015-09-11 00:00:00.000',99,14529),(7,1,'2015-09-10 00:00:00.000','2015-09-11 00:00:00.000',99,14530),(7,1,'2015-09-10 00:00:00.000','2015-09-11 00:00:00.000',99,14531),(7,1,'2015-09-10 00:00:00.000','2015-09-11 00:00:00.000',99,14532),(7,1,'2015-09-10 00:00:00.000','2015-09-11 00:00:00.000',99,14533),(7,1,'2015-09-10 00:00:00.000','2015-09-11 00:00:00.000',99,14534),(7,1,'2015-09-10 00:00:00.000','2015-09-11 00:00:00.000',99,14535),(7,1,'2015-09-10 00:00:00.000','2015-09-11 00:00:00.000',99,14536),(7,1,'2015-09-10 00:00:00.000','2015-09-11 00:00:00.000',99,14537),(7,1,'2015-09-10 00:00:00.000','2015-09-11 00:00:00.000',99,14538),(7,1,'2015-09-10 00:00:00.000','2015-09-11 00:00:00.000',99,14539),(7,1,'2015-09-10 00:00:00.000','2015-09-11 00:00:00.000',99,14540),(7,1,'2015-09-10 00:00:00.000','2015-09-11 00:00:00.000',99,14541),(7,1,'2015-09-10 00:00:00.000','2015-09-11 00:00:00.000',99,14542),(7,1,'2015-09-10 00:00:00.000','2015-09-11 00:00:00.000',99,14543),(7,1,'2015-09-10 00:00:00.000','2015-09-11 00:00:00.000',99,14544),(7,1,'2015-09-10 00:00:00.000','2015-09-11 00:00:00.000',99,14545),(7,1,'2015-09-10 00:00:00.000','2015-09-11 00:00:00.000',99,14546),(7,1,'2015-09-10 00:00:00.000','2015-09-11 00:00:00.000',99,14547),(7,1,'2015-09-10 00:00:00.000','2015-09-11 00:00:00.000',99,14548),(7,1,'2015-09-10 00:00:00.000','2015-09-11 00:00:00.000',99,14549),(7,1,'2015-09-10 00:00:00.000','2015-09-11 00:00:00.000',99,14550),(7,1,'2015-09-10 00:00:00.000','2015-09-11 00:00:00.000',99,14551),(7,1,'2015-09-10 00:00:00.000','2015-09-11 00:00:00.000',99,14552),(7,1,'2015-09-10 00:00:00.000','2015-09-11 00:00:00.000',99,14553),(7,1,'2015-09-10 00:00:00.000','2015-09-11 00:00:00.000',99,14554),(7,1,'2015-09-10 00:00:00.000','2015-09-11 00:00:00.000',99,14555),(7,1,'2015-09-10 00:00:00.000','2015-09-11 00:00:00.000',99,14556),(7,1,'2015-09-10 00:00:00.000','2015-09-11 00:00:00.000',99,14557),(7,1,'2015-09-10 00:00:00.000','2015-09-11 00:00:00.000',99,14558),(7,1,'2015-09-10 00:00:00.000','2015-09-11 00:00:00.000',99,14559),(7,1,'2015-09-10 00:00:00.000','2015-09-11 00:00:00.000',99,14560),(7,1,'2015-09-10 00:00:00.000','2015-09-11 00:00:00.000',99,14561),(7,1,'2015-09-10 00:00:00.000','2015-09-11 00:00:00.000',99,14562),(7,1,'2015-09-10 00:00:00.000','2015-09-11 00:00:00.000',99,14563),(7,1,'2015-09-10 00:00:00.000','2015-09-11 00:00:00.000',99,14564),(7,1,'2015-09-10 00:00:00.000','2015-09-11 00:00:00.000',99,14565),(7,1,'2015-09-10 00:00:00.000','2015-09-11 00:00:00.000',99,14566),(7,1,'2015-09-10 00:00:00.000','2015-09-11 00:00:00.000',99,14567),(7,1,'2015-09-10 00:00:00.000','2015-09-11 00:00:00.000',99,14568),(7,1,'2015-09-10 00:00:00.000','2015-09-11 00:00:00.000',99,14569),(7,1,'2015-09-10 00:00:00.000','2015-09-11 00:00:00.000',99,14570),(7,1,'2015-09-10 00:00:00.000','2015-09-11 00:00:00.000',99,14571),(7,1,'2015-09-10 00:00:00.000','2015-09-11 00:00:00.000',99,14572),(7,1,'2015-09-10 00:00:00.000','2015-09-11 00:00:00.000',99,14573),(7,1,'2015-09-10 00:00:00.000','2015-09-11 00:00:00.000',99,14574),(7,1,'2015-09-10 00:00:00.000','2015-09-11 00:00:00.000',99,14575),(7,1,'2015-09-10 00:00:00.000','2015-09-11 00:00:00.000',99,14576),(7,1,'2015-09-10 00:00:00.000','2015-09-11 00:00:00.000',99,14577),(7,1,'2015-09-10 00:00:00.000','2015-09-11 00:00:00.000',99,14578),(7,1,'2015-09-10 00:00:00.000','2015-09-11 00:00:00.000',99,14579),(7,1,'2015-09-10 00:00:00.000','2015-09-11 00:00:00.000',99,14580),(7,1,'2015-09-10 00:00:00.000','2015-09-11 00:00:00.000',99,14581),(7,1,'2015-09-10 00:00:00.000','2015-09-11 00:00:00.000',99,14582),(7,1,'2015-09-10 00:00:00.000','2015-09-11 00:00:00.000',99,14583),(7,1,'2015-09-10 00:00:00.000','2015-09-11 00:00:00.000',99,14584),(7,1,'2015-09-10 00:00:00.000','2015-09-11 00:00:00.000',99,14585),(7,1,'2015-09-10 00:00:00.000','2015-09-11 00:00:00.000',99,14586),(7,1,'2015-09-10 00:00:00.000','2015-09-11 00:00:00.000',99,14587),(7,1,'2015-09-10 00:00:00.000','2015-09-11 00:00:00.000',99,14588),(7,1,'2015-09-10 00:00:00.000','2015-09-11 00:00:00.000',99,14589),(7,1,'2015-09-10 00:00:00.000','2015-09-11 00:00:00.000',99,14590),(7,1,'2015-09-10 00:00:00.000','2015-09-11 00:00:00.000',99,14591),(7,1,'2015-09-10 00:00:00.000','2015-09-11 00:00:00.000',99,14592),(7,1,'2015-09-10 00:00:00.000','2015-09-11 00:00:00.000',99,14593),(7,1,'2015-09-10 00:00:00.000','2015-09-11 00:00:00.000',99,14594),(7,1,'2015-09-10 00:00:00.000','2015-09-11 00:00:00.000',99,14595),(7,1,'2015-09-10 00:00:00.000','2015-09-11 00:00:00.000',99,14596),(7,1,'2015-09-10 00:00:00.000','2015-09-11 00:00:00.000',99,14597),(7,1,'2015-09-10 00:00:00.000','2015-09-11 00:00:00.000',99,14598),(7,1,'2015-09-10 00:00:00.000','2015-09-11 00:00:00.000',99,14599),(7,1,'2015-09-10 00:00:00.000','2015-09-11 00:00:00.000',99,14600),(7,1,'2015-09-10 00:00:00.000','2015-09-11 00:00:00.000',99,14601),(7,1,'2015-09-10 00:00:00.000','2015-09-11 00:00:00.000',99,14602),(7,1,'2015-09-10 00:00:00.000','2015-09-11 00:00:00.000',99,14603),(7,1,'2015-09-10 00:00:00.000','2015-09-11 00:00:00.000',99,14604),(7,1,'2015-09-10 00:00:00.000','2015-09-11 00:00:00.000',99,14605),(7,1,'2015-09-10 00:00:00.000','2015-09-11 00:00:00.000',99,14606),(7,1,'2015-09-10 00:00:00.000','2015-09-11 00:00:00.000',99,14607),(7,1,'2015-09-10 00:00:00.000','2015-09-11 00:00:00.000',99,14608),(7,1,'2015-09-10 00:00:00.000','2015-09-11 00:00:00.000',99,14609),(7,1,'2015-09-10 00:00:00.000','2015-09-11 00:00:00.000',99,14610),(7,1,'2015-09-10 00:00:00.000','2015-09-11 00:00:00.000',99,14611),(7,1,'2015-09-10 00:00:00.000','2015-09-11 00:00:00.000',99,14612),(7,1,'2015-09-10 00:00:00.000','2015-09-11 00:00:00.000',99,14613),(7,1,'2015-09-10 00:00:00.000','2015-09-11 00:00:00.000',99,14614),(7,1,'2015-09-10 00:00:00.000','2015-09-11 00:00:00.000',99,14615),(7,1,'2015-09-10 00:00:00.000','2015-09-11 00:00:00.000',99,14616),(7,1,'2015-09-10 00:00:00.000','2015-09-11 00:00:00.000',99,14617),(7,1,'2015-09-10 00:00:00.000','2015-09-11 00:00:00.000',99,14618),(7,1,'2015-09-10 00:00:00.000','2015-09-11 00:00:00.000',99,14619),(7,1,'2015-09-10 00:00:00.000','2015-09-11 00:00:00.000',99,14620),(7,1,'2015-09-10 00:00:00.000','2015-09-11 00:00:00.000',99,14621),(7,1,'2015-09-10 00:00:00.000','2015-09-11 00:00:00.000',99,14622),(7,1,'2015-09-10 00:00:00.000','2015-09-11 00:00:00.000',99,14623),(7,1,'2015-09-10 00:00:00.000','2015-09-11 00:00:00.000',99,14624),(7,1,'2015-09-10 00:00:00.000','2015-09-11 00:00:00.000',99,14625),(7,1,'2015-09-10 00:00:00.000','2015-09-11 00:00:00.000',99,14626),(7,1,'2015-09-10 00:00:00.000','2015-09-11 00:00:00.000',99,14627),(7,1,'2015-09-10 00:00:00.000','2015-09-11 00:00:00.000',99,14628),(7,1,'2015-09-10 00:00:00.000','2015-09-11 00:00:00.000',99,14629),(7,1,'2015-09-10 00:00:00.000','2015-09-11 00:00:00.000',99,14630),(7,1,'2015-09-10 00:00:00.000','2015-09-11 00:00:00.000',99,14631),(7,1,'2015-09-10 00:00:00.000','2015-09-11 00:00:00.000',99,14632),(7,1,'2015-09-10 00:00:00.000','2015-09-11 00:00:00.000',99,14633),(7,1,'2015-09-10 00:00:00.000','2015-09-11 00:00:00.000',99,14634),(7,1,'2015-09-10 00:00:00.000','2015-09-11 00:00:00.000',99,14635),(7,1,'2015-09-10 00:00:00.000','2015-09-11 00:00:00.000',99,14636),(7,1,'2015-09-10 00:00:00.000','2015-09-11 00:00:00.000',99,14637),(7,1,'2015-09-10 00:00:00.000','2015-09-11 00:00:00.000',99,14638),(7,1,'2015-09-10 00:00:00.000','2015-09-11 00:00:00.000',99,14639),(7,1,'2015-09-10 00:00:00.000','2015-09-11 00:00:00.000',99,14640),(7,1,'2015-09-10 00:00:00.000','2015-09-11 00:00:00.000',99,14641),(7,1,'2015-09-10 00:00:00.000','2015-09-11 00:00:00.000',99,14642),(7,1,'2015-09-10 00:00:00.000','2015-09-11 00:00:00.000',99,14643),(7,1,'2015-09-10 00:00:00.000','2015-09-11 00:00:00.000',99,14644),(7,1,'2015-09-10 00:00:00.000','2015-09-11 00:00:00.000',99,14645),(7,1,'2015-09-10 00:00:00.000','2015-09-11 00:00:00.000',99,14646),(7,1,'2015-09-10 00:00:00.000','2015-09-11 00:00:00.000',99,14647),(7,1,'2015-09-10 00:00:00.000','2015-09-11 00:00:00.000',99,14648),(7,1,'2015-09-10 00:00:00.000','2015-09-11 00:00:00.000',99,14649),(7,1,'2015-09-10 00:00:00.000','2015-09-11 00:00:00.000',99,14650),(7,1,'2015-09-10 00:00:00.000','2015-09-11 00:00:00.000',99,14651),(7,1,'2015-09-10 00:00:00.000','2015-09-11 00:00:00.000',99,14652),(7,1,'2015-09-10 00:00:00.000','2015-09-11 00:00:00.000',99,14653),(7,1,'2015-09-10 00:00:00.000','2015-09-11 00:00:00.000',99,14654),(7,1,'2015-09-10 00:00:00.000','2015-09-11 00:00:00.000',99,14655),(7,1,'2015-09-10 00:00:00.000','2015-09-11 00:00:00.000',99,14656),(7,1,'2015-09-10 00:00:00.000','2015-09-11 00:00:00.000',99,14657),(7,1,'2015-09-10 00:00:00.000','2015-09-11 00:00:00.000',99,14658),(7,1,'2015-09-10 00:00:00.000','2015-09-11 00:00:00.000',99,14659),(7,1,'2015-09-10 00:00:00.000','2015-09-11 00:00:00.000',99,14660),(7,1,'2015-09-10 00:00:00.000','2015-09-11 00:00:00.000',99,14661),(7,1,'2015-09-10 00:00:00.000','2015-09-11 00:00:00.000',99,14662),(7,1,'2015-09-10 00:00:00.000','2015-09-11 00:00:00.000',99,14663),(7,1,'2015-09-10 00:00:00.000','2015-09-11 00:00:00.000',99,14664),(7,1,'2015-09-10 00:00:00.000','2015-09-11 00:00:00.000',99,14665),(7,1,'2015-09-10 00:00:00.000','2015-09-11 00:00:00.000',99,14666),(7,1,'2015-09-10 00:00:00.000','2015-09-11 00:00:00.000',99,14667),(7,1,'2015-09-10 00:00:00.000','2015-09-11 00:00:00.000',99,14668),(7,1,'2015-09-10 00:00:00.000','2015-09-11 00:00:00.000',99,14669),(7,1,'2015-09-10 00:00:00.000','2015-09-11 00:00:00.000',99,14670),(7,1,'2015-09-10 00:00:00.000','2015-09-11 00:00:00.000',99,14671),(7,1,'2015-09-10 00:00:00.000','2015-09-11 00:00:00.000',99,14672),(7,1,'2015-09-10 00:00:00.000','2015-09-11 00:00:00.000',99,14673),(7,1,'2015-09-10 00:00:00.000','2015-09-11 00:00:00.000',99,14674),(7,1,'2015-09-10 00:00:00.000','2015-09-11 00:00:00.000',99,14675),(7,1,'2015-09-10 00:00:00.000','2015-09-11 00:00:00.000',99,14676),(7,1,'2015-09-10 00:00:00.000','2015-09-11 00:00:00.000',99,14677),(7,1,'2015-09-10 00:00:00.000','2015-09-11 00:00:00.000',99,14678),(7,1,'2015-09-10 00:00:00.000','2015-09-11 00:00:00.000',99,14679),(7,1,'2015-09-10 00:00:00.000','2015-09-11 00:00:00.000',99,14680),(7,1,'2015-09-10 00:00:00.000','2015-09-11 00:00:00.000',99,14681),(7,1,'2015-09-10 00:00:00.000','2015-09-11 00:00:00.000',99,14682),(7,1,'2015-09-10 00:00:00.000','2015-09-11 00:00:00.000',99,14683),(7,1,'2015-09-10 00:00:00.000','2015-09-11 00:00:00.000',99,14684),(7,1,'2015-09-10 00:00:00.000','2015-09-11 00:00:00.000',99,14685),(7,1,'2015-09-10 00:00:00.000','2015-09-11 00:00:00.000',99,14686),(7,1,'2015-09-10 00:00:00.000','2015-09-11 00:00:00.000',99,14687),(7,1,'2015-09-10 00:00:00.000','2015-09-11 00:00:00.000',99,14688),(7,1,'2015-09-10 00:00:00.000','2015-09-11 00:00:00.000',99,14689),(7,1,'2015-09-10 00:00:00.000','2015-09-11 00:00:00.000',99,14690),(7,1,'2015-09-10 00:00:00.000','2015-09-11 00:00:00.000',99,14691),(7,1,'2015-09-10 00:00:00.000','2015-09-11 00:00:00.000',99,14692),(7,1,'2015-09-10 00:00:00.000','2015-09-11 00:00:00.000',99,14693),(7,1,'2015-09-10 00:00:00.000','2015-09-11 00:00:00.000',99,14694),(7,1,'2015-09-10 00:00:00.000','2015-09-11 00:00:00.000',99,14695),(7,1,'2015-09-10 00:00:00.000','2015-09-11 00:00:00.000',99,14696),(7,1,'2015-09-10 00:00:00.000','2015-09-11 00:00:00.000',99,14697),(7,1,'2015-09-10 00:00:00.000','2015-09-11 00:00:00.000',99,14698),(7,1,'2015-09-10 00:00:00.000','2015-09-11 00:00:00.000',99,14699),(7,1,'2015-09-10 00:00:00.000','2015-09-11 00:00:00.000',99,14700),(7,1,'2015-09-10 00:00:00.000','2015-09-11 00:00:00.000',99,14701),(7,1,'2015-09-10 00:00:00.000','2015-09-11 00:00:00.000',99,14702),(7,1,'2015-09-10 00:00:00.000','2015-09-11 00:00:00.000',99,14703),(7,1,'2015-09-10 00:00:00.000','2015-09-11 00:00:00.000',99,14704),(7,1,'2015-09-10 00:00:00.000','2015-09-11 00:00:00.000',99,14705),(7,1,'2015-09-10 00:00:00.000','2015-09-11 00:00:00.000',99,14706),(7,1,'2015-09-10 00:00:00.000','2015-09-11 00:00:00.000',99,14707),(7,1,'2015-09-10 00:00:00.000','2015-09-11 00:00:00.000',99,14708),(7,1,'2015-09-10 00:00:00.000','2015-09-11 00:00:00.000',99,14709),(7,1,'2015-09-10 00:00:00.000','2015-09-11 00:00:00.000',99,14710),(7,1,'2015-09-10 00:00:00.000','2015-09-11 00:00:00.000',99,14711),(7,1,'2015-09-10 00:00:00.000','2015-09-11 00:00:00.000',99,14712),(7,1,'2015-09-10 00:00:00.000','2015-09-11 00:00:00.000',99,14713),(7,1,'2015-09-10 00:00:00.000','2015-09-11 00:00:00.000',99,14714),(7,1,'2015-09-10 00:00:00.000','2015-09-11 00:00:00.000',99,14715),(7,1,'2015-09-10 00:00:00.000','2015-09-11 00:00:00.000',99,14716),(7,1,'2015-09-10 00:00:00.000','2015-09-11 00:00:00.000',99,14717),(7,1,'2015-09-10 00:00:00.000','2015-09-11 00:00:00.000',99,14718),(7,1,'2015-09-10 00:00:00.000','2015-09-11 00:00:00.000',99,14719),(7,1,'2015-09-10 00:00:00.000','2015-09-11 00:00:00.000',99,14720),(7,1,'2015-09-10 00:00:00.000','2015-09-11 00:00:00.000',99,14721),(7,1,'2015-09-10 00:00:00.000','2015-09-11 00:00:00.000',99,14722),(7,1,'2015-09-10 00:00:00.000','2015-09-11 00:00:00.000',99,14723),(7,1,'2015-09-10 00:00:00.000','2015-09-11 00:00:00.000',99,14724),(7,1,'2015-09-10 00:00:00.000','2015-09-11 00:00:00.000',99,14725),(7,1,'2015-09-10 00:00:00.000','2015-09-11 00:00:00.000',99,14726),(7,1,'2015-09-10 00:00:00.000','2015-09-11 00:00:00.000',99,14727),(7,1,'2015-09-10 00:00:00.000','2015-09-11 00:00:00.000',99,14728),(7,1,'2015-09-10 00:00:00.000','2015-09-11 00:00:00.000',99,14729),(7,1,'2015-09-10 00:00:00.000','2015-09-11 00:00:00.000',99,14730),(7,1,'2015-09-10 00:00:00.000','2015-09-11 00:00:00.000',99,14731),(7,1,'2015-09-10 00:00:00.000','2015-09-11 00:00:00.000',99,14732),(7,1,'2015-09-10 00:00:00.000','2015-09-11 00:00:00.000',99,14733),(7,1,'2015-09-10 00:00:00.000','2015-09-11 00:00:00.000',99,14734),(7,1,'2015-09-10 00:00:00.000','2015-09-11 00:00:00.000',99,14735),(7,1,'2015-09-10 00:00:00.000','2015-09-11 00:00:00.000',99,14736),(7,1,'2015-09-10 00:00:00.000','2015-09-11 00:00:00.000',99,14737),(7,1,'2015-09-10 00:00:00.000','2015-09-11 00:00:00.000',99,14738),(7,1,'2015-09-10 00:00:00.000','2015-09-11 00:00:00.000',99,14739),(7,1,'2015-09-10 00:00:00.000','2015-09-11 00:00:00.000',99,14740),(7,1,'2015-09-10 00:00:00.000','2015-09-11 00:00:00.000',99,14741),(7,1,'2015-09-10 00:00:00.000','2015-09-11 00:00:00.000',99,14742),(7,1,'2015-09-10 00:00:00.000','2015-09-11 00:00:00.000',99,14743),(7,1,'2015-09-10 00:00:00.000','2015-09-11 00:00:00.000',99,14744),(7,1,'2015-09-10 00:00:00.000','2015-09-11 00:00:00.000',99,14745),(7,1,'2015-09-10 00:00:00.000','2015-09-11 00:00:00.000',99,14746),(7,1,'2015-09-10 00:00:00.000','2015-09-11 00:00:00.000',99,14747),(7,1,'2015-09-10 00:00:00.000','2015-09-11 00:00:00.000',99,14748),(7,1,'2015-09-10 00:00:00.000','2015-09-11 00:00:00.000',99,14749),(7,1,'2015-09-10 00:00:00.000','2015-09-11 00:00:00.000',99,14750),(7,1,'2015-09-10 00:00:00.000','2015-09-11 00:00:00.000',99,14751),(7,1,'2015-09-10 00:00:00.000','2015-09-11 00:00:00.000',99,14752),(7,1,'2015-09-10 00:00:00.000','2015-09-11 00:00:00.000',99,14753),(7,1,'2015-09-10 00:00:00.000','2015-09-11 00:00:00.000',99,14754),(7,1,'2015-09-10 00:00:00.000','2015-09-11 00:00:00.000',99,14755),(7,1,'2015-09-10 00:00:00.000','2015-09-11 00:00:00.000',99,14756),(7,1,'2015-09-10 00:00:00.000','2015-09-11 00:00:00.000',99,14757),(7,1,'2015-09-10 00:00:00.000','2015-09-11 00:00:00.000',99,14758),(7,1,'2015-09-10 00:00:00.000','2015-09-11 00:00:00.000',99,14759),(7,1,'2015-09-10 00:00:00.000','2015-09-11 00:00:00.000',99,14760),(7,1,'2015-09-10 00:00:00.000','2015-09-11 00:00:00.000',99,14761),(7,1,'2015-09-10 00:00:00.000','2015-09-11 00:00:00.000',99,14762),(7,1,'2015-09-10 00:00:00.000','2015-09-11 00:00:00.000',99,14763),(7,1,'2015-09-10 00:00:00.000','2015-09-11 00:00:00.000',99,14764),(7,1,'2015-09-10 00:00:00.000','2015-09-11 00:00:00.000',99,14765),(7,1,'2015-09-10 00:00:00.000','2015-09-11 00:00:00.000',99,14766),(7,1,'2015-09-10 00:00:00.000','2015-09-11 00:00:00.000',99,14767),(7,1,'2015-09-10 00:00:00.000','2015-09-11 00:00:00.000',99,14768),(7,1,'2015-09-10 00:00:00.000','2015-09-11 00:00:00.000',99,14769),(7,1,'2015-09-10 00:00:00.000','2015-09-11 00:00:00.000',99,14770),(7,1,'2015-09-10 00:00:00.000','2015-09-11 00:00:00.000',99,14771),(7,1,'2015-09-10 00:00:00.000','2015-09-11 00:00:00.000',99,14772),(7,1,'2015-09-10 00:00:00.000','2015-09-11 00:00:00.000',99,14773),(7,1,'2015-09-10 00:00:00.000','2015-09-11 00:00:00.000',99,14774),(7,1,'2015-09-10 00:00:00.000','2015-09-11 00:00:00.000',99,14775),(7,1,'2015-09-10 00:00:00.000','2015-09-11 00:00:00.000',99,14776),(7,1,'2015-09-10 00:00:00.000','2015-09-11 00:00:00.000',99,14777),(7,1,'2015-09-10 00:00:00.000','2015-09-11 00:00:00.000',99,14778),(7,1,'2015-09-10 00:00:00.000','2015-09-11 00:00:00.000',99,14779),(7,1,'2015-09-10 00:00:00.000','2015-09-11 00:00:00.000',99,14780),(7,1,'2015-09-10 00:00:00.000','2015-09-11 00:00:00.000',99,14781),(7,1,'2015-09-10 00:00:00.000','2015-09-11 00:00:00.000',99,14782),(7,1,'2015-09-10 00:00:00.000','2015-09-11 00:00:00.000',99,14783),(7,1,'2015-09-10 00:00:00.000','2015-09-11 00:00:00.000',99,14784),(7,1,'2015-09-10 00:00:00.000','2015-09-11 00:00:00.000',99,14785),(7,1,'2015-09-10 00:00:00.000','2015-09-11 00:00:00.000',99,14786),(7,1,'2015-09-10 00:00:00.000','2015-09-11 00:00:00.000',99,14787),(7,1,'2015-09-10 00:00:00.000','2015-09-11 00:00:00.000',99,14788),(7,1,'2015-09-10 00:00:00.000','2015-09-11 00:00:00.000',99,14789),(7,1,'2015-09-10 00:00:00.000','2015-09-11 00:00:00.000',99,14790),(7,1,'2015-09-10 00:00:00.000','2015-09-11 00:00:00.000',99,14791),(7,1,'2015-09-10 00:00:00.000','2015-09-11 00:00:00.000',99,14792),(7,1,'2015-09-10 00:00:00.000','2015-09-11 00:00:00.000',99,14793),(7,1,'2015-09-10 00:00:00.000','2015-09-11 00:00:00.000',99,14794),(7,1,'2015-09-10 00:00:00.000','2015-09-11 00:00:00.000',99,14795),(7,1,'2015-09-10 00:00:00.000','2015-09-11 00:00:00.000',99,14796),(7,1,'2015-09-10 00:00:00.000','2015-09-11 00:00:00.000',99,14797),(7,1,'2015-09-10 00:00:00.000','2015-09-11 00:00:00.000',99,14798),(7,1,'2015-09-10 00:00:00.000','2015-09-11 00:00:00.000',99,14799),(7,1,'2015-09-10 00:00:00.000','2015-09-11 00:00:00.000',99,14800),(7,1,'2015-09-10 00:00:00.000','2015-09-11 00:00:00.000',99,14801),(7,1,'2015-09-10 00:00:00.000','2015-09-11 00:00:00.000',99,14802),(7,1,'2015-09-10 00:00:00.000','2015-09-11 00:00:00.000',99,14803),(7,1,'2015-09-10 00:00:00.000','2015-09-11 00:00:00.000',99,14804),(7,1,'2015-09-10 00:00:00.000','2015-09-11 00:00:00.000',99,14805),(7,1,'2015-09-10 00:00:00.000','2015-09-11 00:00:00.000',99,14806),(7,1,'2015-09-10 00:00:00.000','2015-09-11 00:00:00.000',99,14807),(7,1,'2015-09-10 00:00:00.000','2015-09-11 00:00:00.000',99,14808),(7,1,'2015-09-10 00:00:00.000','2015-09-11 00:00:00.000',99,14809),(7,1,'2015-09-10 00:00:00.000','2015-09-11 00:00:00.000',99,14810),(7,1,'2015-09-10 00:00:00.000','2015-09-11 00:00:00.000',99,14811),(7,1,'2015-09-10 00:00:00.000','2015-09-11 00:00:00.000',99,14812),(7,1,'2015-09-10 00:00:00.000','2015-09-11 00:00:00.000',99,14813),(7,1,'2015-09-10 00:00:00.000','2015-09-11 00:00:00.000',99,14814),(7,1,'2015-09-10 00:00:00.000','2015-09-11 00:00:00.000',99,14815),(7,1,'2015-09-10 00:00:00.000','2015-09-11 00:00:00.000',99,14816),(7,1,'2015-09-10 00:00:00.000','2015-09-11 00:00:00.000',99,14817),(7,1,'2015-09-10 00:00:00.000','2015-09-11 00:00:00.000',99,14818),(7,1,'2015-09-10 00:00:00.000','2015-09-11 00:00:00.000',99,14819),(7,1,'2015-09-10 00:00:00.000','2015-09-11 00:00:00.000',99,14820),(7,1,'2015-09-10 00:00:00.000','2015-09-11 00:00:00.000',99,14821),(7,1,'2015-09-10 00:00:00.000','2015-09-11 00:00:00.000',99,14822),(7,1,'2015-09-10 00:00:00.000','2015-09-11 00:00:00.000',99,14823),(7,1,'2015-09-10 00:00:00.000','2015-09-11 00:00:00.000',99,14824),(7,1,'2015-09-10 00:00:00.000','2015-09-11 00:00:00.000',99,14825),(7,1,'2015-09-10 00:00:00.000','2015-09-11 00:00:00.000',99,14826),(7,1,'2015-09-10 00:00:00.000','2015-09-11 00:00:00.000',99,14827),(7,1,'2015-09-10 00:00:00.000','2015-09-11 00:00:00.000',99,14828),(7,1,'2015-09-10 00:00:00.000','2015-09-11 00:00:00.000',99,14829),(7,1,'2015-09-10 00:00:00.000','2015-09-11 00:00:00.000',99,14830),(7,1,'2015-09-10 00:00:00.000','2015-09-11 00:00:00.000',99,14831),(7,1,'2015-09-10 00:00:00.000','2015-09-11 00:00:00.000',99,14832),(7,1,'2015-09-10 00:00:00.000','2015-09-11 00:00:00.000',99,14833),(7,1,'2015-09-10 00:00:00.000','2015-09-11 00:00:00.000',99,14834),(7,1,'2015-09-10 00:00:00.000','2015-09-11 00:00:00.000',99,14835),(7,1,'2015-09-10 00:00:00.000','2015-09-11 00:00:00.000',99,14836),(7,1,'2015-09-10 00:00:00.000','2015-09-11 00:00:00.000',99,14837),(7,1,'2015-09-10 00:00:00.000','2015-09-11 00:00:00.000',99,14838),(7,1,'2015-09-10 00:00:00.000','2015-09-11 00:00:00.000',99,14839),(7,1,'2015-09-10 00:00:00.000','2015-09-11 00:00:00.000',99,14840),(7,1,'2015-09-10 00:00:00.000','2015-09-11 00:00:00.000',99,14841),(7,1,'2015-09-10 00:00:00.000','2015-09-11 00:00:00.000',99,14842),(7,1,'2015-09-10 00:00:00.000','2015-09-11 00:00:00.000',99,14843),(7,1,'2015-09-10 00:00:00.000','2015-09-11 00:00:00.000',99,14844),(7,1,'2015-09-10 00:00:00.000','2015-09-11 00:00:00.000',99,14845),(7,1,'2015-09-10 00:00:00.000','2015-09-11 00:00:00.000',99,14846),(7,1,'2015-09-10 00:00:00.000','2015-09-11 00:00:00.000',99,14847),(7,1,'2015-09-10 00:00:00.000','2015-09-11 00:00:00.000',99,14848),(7,1,'2015-09-10 00:00:00.000','2015-09-11 00:00:00.000',99,14849),(7,1,'2015-09-10 00:00:00.000','2015-09-11 00:00:00.000',99,14850),(7,1,'2015-09-10 00:00:00.000','2015-09-11 00:00:00.000',99,14851),(7,1,'2015-09-10 00:00:00.000','2015-09-11 00:00:00.000',99,14852),(7,1,'2015-09-10 00:00:00.000','2015-09-11 00:00:00.000',99,14853),(7,1,'2015-09-10 00:00:00.000','2015-09-11 00:00:00.000',99,14854),(7,1,'2015-09-10 00:00:00.000','2015-09-11 00:00:00.000',99,14855),(7,1,'2015-09-10 00:00:00.000','2015-09-11 00:00:00.000',99,14856),(7,1,'2015-09-10 00:00:00.000','2015-09-11 00:00:00.000',99,14857),(7,1,'2015-09-10 00:00:00.000','2015-09-11 00:00:00.000',99,14858),(7,1,'2015-09-10 00:00:00.000','2015-09-11 00:00:00.000',99,14859),(7,1,'2015-09-10 00:00:00.000','2015-09-11 00:00:00.000',99,14860),(7,1,'2015-09-10 00:00:00.000','2015-09-11 00:00:00.000',99,14861),(7,1,'2015-09-10 00:00:00.000','2015-09-11 00:00:00.000',99,14862),(7,1,'2015-09-10 00:00:00.000','2015-09-11 00:00:00.000',99,14863),(7,1,'2015-09-10 00:00:00.000','2015-09-11 00:00:00.000',99,14864),(7,1,'2015-09-10 00:00:00.000','2015-09-11 00:00:00.000',99,14865),(7,1,'2015-09-10 00:00:00.000','2015-09-11 00:00:00.000',99,14866),(7,1,'2015-09-10 00:00:00.000','2015-09-11 00:00:00.000',99,14867),(7,1,'2015-09-10 00:00:00.000','2015-09-11 00:00:00.000',99,14868),(7,1,'2015-09-10 00:00:00.000','2015-09-11 00:00:00.000',99,14869),(7,1,'2015-09-10 00:00:00.000','2015-09-11 00:00:00.000',99,14870),(7,1,'2015-09-10 00:00:00.000','2015-09-11 00:00:00.000',99,14871),(7,1,'2015-09-10 00:00:00.000','2015-09-11 00:00:00.000',99,14872),(7,1,'2015-09-10 00:00:00.000','2015-09-11 00:00:00.000',99,14873),(7,1,'2015-09-10 00:00:00.000','2015-09-11 00:00:00.000',99,14874),(7,1,'2015-09-10 00:00:00.000','2015-09-11 00:00:00.000',99,14875),(7,1,'2015-09-10 00:00:00.000','2015-09-11 00:00:00.000',99,14876),(7,1,'2015-09-10 00:00:00.000','2015-09-11 00:00:00.000',99,14877),(7,1,'2015-09-10 00:00:00.000','2015-09-11 00:00:00.000',99,14878),(7,1,'2015-09-10 00:00:00.000','2015-09-11 00:00:00.000',99,14879),(7,1,'2015-09-10 00:00:00.000','2015-09-11 00:00:00.000',99,14880),(7,1,'2015-09-10 00:00:00.000','2015-09-11 00:00:00.000',99,14881),(7,1,'2015-09-10 00:00:00.000','2015-09-11 00:00:00.000',99,14882),(7,1,'2015-09-10 00:00:00.000','2015-09-11 00:00:00.000',99,14883),(7,1,'2015-09-10 00:00:00.000','2015-09-11 00:00:00.000',99,14884),(7,1,'2015-09-10 00:00:00.000','2015-09-11 00:00:00.000',99,14885),(7,1,'2015-09-10 00:00:00.000','2015-09-11 00:00:00.000',99,14886),(7,1,'2015-09-10 00:00:00.000','2015-09-11 00:00:00.000',99,14887),(7,1,'2015-09-10 00:00:00.000','2015-09-11 00:00:00.000',99,14888),(7,1,'2015-09-10 00:00:00.000','2015-09-11 00:00:00.000',99,14889),(7,1,'2015-09-10 00:00:00.000','2015-09-11 00:00:00.000',99,14890),(7,1,'2015-09-10 00:00:00.000','2015-09-11 00:00:00.000',99,14891),(7,1,'2015-09-10 00:00:00.000','2015-09-11 00:00:00.000',99,14892),(7,1,'2015-09-10 00:00:00.000','2015-09-11 00:00:00.000',99,14893),(7,1,'2015-09-10 00:00:00.000','2015-09-11 00:00:00.000',99,14894),(7,1,'2015-09-10 00:00:00.000','2015-09-11 00:00:00.000',99,14895),(7,1,'2015-09-10 00:00:00.000','2015-09-11 00:00:00.000',99,14896),(7,1,'2015-09-10 00:00:00.000','2015-09-11 00:00:00.000',99,14897),(7,1,'2015-09-10 00:00:00.000','2015-09-11 00:00:00.000',99,14898),(7,1,'2015-09-10 00:00:00.000','2015-09-11 00:00:00.000',99,14899),(7,1,'2015-09-10 00:00:00.000','2015-09-11 00:00:00.000',99,14900),(7,1,'2015-09-10 00:00:00.000','2015-09-11 00:00:00.000',99,14901),(7,1,'2015-09-10 00:00:00.000','2015-09-11 00:00:00.000',99,14902),(7,1,'2015-09-10 00:00:00.000','2015-09-11 00:00:00.000',99,14903),(7,1,'2015-09-10 00:00:00.000','2015-09-11 00:00:00.000',99,14904),(7,1,'2015-09-10 00:00:00.000','2015-09-11 00:00:00.000',99,14905),(7,1,'2015-09-10 00:00:00.000','2015-09-11 00:00:00.000',99,14906),(7,1,'2015-09-10 00:00:00.000','2015-09-11 00:00:00.000',99,14907),(7,1,'2015-09-10 00:00:00.000','2015-09-11 00:00:00.000',99,14908),(7,1,'2015-09-10 00:00:00.000','2015-09-11 00:00:00.000',99,14909),(7,1,'2015-09-10 00:00:00.000','2015-09-11 00:00:00.000',99,14910),(7,1,'2015-09-10 00:00:00.000','2015-09-11 00:00:00.000',99,14911),(7,1,'2015-09-10 00:00:00.000','2015-09-11 00:00:00.000',99,14912),(7,1,'2015-09-10 00:00:00.000','2015-09-11 00:00:00.000',99,14913),(7,1,'2015-09-10 00:00:00.000','2015-09-11 00:00:00.000',99,14914),(7,1,'2015-09-10 00:00:00.000','2015-09-11 00:00:00.000',99,14915),(7,1,'2015-09-10 00:00:00.000','2015-09-11 00:00:00.000',99,14916),(7,1,'2015-09-10 00:00:00.000','2015-09-11 00:00:00.000',99,14917),(7,1,'2015-09-10 00:00:00.000','2015-09-11 00:00:00.000',99,14918),(7,1,'2015-09-10 00:00:00.000','2015-09-11 00:00:00.000',99,14919),(7,1,'2015-09-10 00:00:00.000','2015-09-11 00:00:00.000',99,14920),(7,1,'2015-09-10 00:00:00.000','2015-09-11 00:00:00.000',99,14921),(7,1,'2015-09-10 00:00:00.000','2015-09-11 00:00:00.000',99,14922),(7,1,'2015-09-10 00:00:00.000','2015-09-11 00:00:00.000',99,14923),(7,1,'2015-09-10 00:00:00.000','2015-09-11 00:00:00.000',99,14924),(7,1,'2015-09-10 00:00:00.000','2015-09-11 00:00:00.000',99,14925),(7,1,'2015-09-10 00:00:00.000','2015-09-11 00:00:00.000',99,14926),(7,1,'2015-09-10 00:00:00.000','2015-09-11 00:00:00.000',99,14927),(7,1,'2015-09-10 00:00:00.000','2015-09-11 00:00:00.000',99,14928),(7,1,'2015-09-10 00:00:00.000','2015-09-11 00:00:00.000',99,14929),(7,1,'2015-09-10 00:00:00.000','2015-09-11 00:00:00.000',99,14930),(7,1,'2015-09-10 00:00:00.000','2015-09-11 00:00:00.000',99,14931),(7,1,'2015-09-10 00:00:00.000','2015-09-11 00:00:00.000',99,14932),(7,1,'2015-09-10 00:00:00.000','2015-09-11 00:00:00.000',99,14933),(7,1,'2015-09-10 00:00:00.000','2015-09-11 00:00:00.000',99,14934),(7,1,'2015-09-10 00:00:00.000','2015-09-11 00:00:00.000',99,14935),(7,1,'2015-09-10 00:00:00.000','2015-09-11 00:00:00.000',99,14936),(7,1,'2015-09-10 00:00:00.000','2015-09-11 00:00:00.000',99,14937),(7,1,'2015-09-10 00:00:00.000','2015-09-11 00:00:00.000',99,14938),(7,1,'2015-09-10 00:00:00.000','2015-09-11 00:00:00.000',99,14939),(7,1,'2015-09-10 00:00:00.000','2015-09-11 00:00:00.000',99,14940),(7,1,'2015-09-10 00:00:00.000','2015-09-11 00:00:00.000',99,14941),(7,1,'2015-09-10 00:00:00.000','2015-09-11 00:00:00.000',99,14942),(7,1,'2015-09-10 00:00:00.000','2015-09-11 00:00:00.000',99,14943),(7,1,'2015-09-10 00:00:00.000','2015-09-11 00:00:00.000',99,14944),(7,1,'2015-09-10 00:00:00.000','2015-09-11 00:00:00.000',99,14945),(7,1,'2015-09-10 00:00:00.000','2015-09-11 00:00:00.000',99,14946),(7,1,'2015-09-10 00:00:00.000','2015-09-11 00:00:00.000',99,14947),(7,1,'2015-09-10 00:00:00.000','2015-09-11 00:00:00.000',99,14948),(7,1,'2015-09-10 00:00:00.000','2015-09-11 00:00:00.000',99,14949),(7,1,'2015-09-10 00:00:00.000','2015-09-11 00:00:00.000',99,14950),(7,1,'2015-09-10 00:00:00.000','2015-09-11 00:00:00.000',99,14951),(7,1,'2015-09-10 00:00:00.000','2015-09-11 00:00:00.000',99,14952),(7,1,'2015-09-10 00:00:00.000','2015-09-11 00:00:00.000',99,14953),(7,1,'2015-09-10 00:00:00.000','2015-09-11 00:00:00.000',99,14954),(7,1,'2015-09-10 00:00:00.000','2015-09-11 00:00:00.000',99,14955),(7,1,'2015-09-10 00:00:00.000','2015-09-11 00:00:00.000',99,14956),(7,1,'2015-09-10 00:00:00.000','2015-09-11 00:00:00.000',99,14957),(7,1,'2015-09-10 00:00:00.000','2015-09-11 00:00:00.000',99,14958),(7,1,'2015-09-10 00:00:00.000','2015-09-11 00:00:00.000',99,14959),(7,1,'2015-09-10 00:00:00.000','2015-09-11 00:00:00.000',99,14960),(7,1,'2015-09-10 00:00:00.000','2015-09-11 00:00:00.000',99,14961),(7,1,'2015-09-10 00:00:00.000','2015-09-11 00:00:00.000',99,14962),(7,1,'2015-09-10 00:00:00.000','2015-09-11 00:00:00.000',99,14963),(7,1,'2015-09-10 00:00:00.000','2015-09-11 00:00:00.000',99,14964),(7,1,'2015-09-10 00:00:00.000','2015-09-11 00:00:00.000',99,14965),(7,1,'2015-09-10 00:00:00.000','2015-09-11 00:00:00.000',99,14966),(7,1,'2015-09-10 00:00:00.000','2015-09-11 00:00:00.000',99,14967),(7,1,'2015-09-10 00:00:00.000','2015-09-11 00:00:00.000',99,14968),(7,1,'2015-09-10 00:00:00.000','2015-09-11 00:00:00.000',99,14969),(7,1,'2015-09-10 00:00:00.000','2015-09-11 00:00:00.000',99,14970),(7,1,'2015-09-10 00:00:00.000','2015-09-11 00:00:00.000',99,14971),(7,1,'2015-09-10 00:00:00.000','2015-09-11 00:00:00.000',99,14972),(7,1,'2015-09-10 00:00:00.000','2015-09-11 00:00:00.000',99,14973),(7,1,'2015-09-10 00:00:00.000','2015-09-11 00:00:00.000',99,14974),(7,1,'2015-09-10 00:00:00.000','2015-09-11 00:00:00.000',99,14975),(7,1,'2015-09-10 00:00:00.000','2015-09-11 00:00:00.000',99,14976),(7,1,'2015-09-10 00:00:00.000','2015-09-11 00:00:00.000',99,14977),(7,1,'2015-09-10 00:00:00.000','2015-09-11 00:00:00.000',99,14978),(7,1,'2015-09-10 00:00:00.000','2015-09-11 00:00:00.000',99,14979),(7,1,'2015-09-10 00:00:00.000','2015-09-11 00:00:00.000',99,14980),(7,1,'2015-09-10 00:00:00.000','2015-09-11 00:00:00.000',99,14981),(7,1,'2015-09-10 00:00:00.000','2015-09-11 00:00:00.000',99,14982),(7,1,'2015-09-10 00:00:00.000','2015-09-11 00:00:00.000',99,14983),(7,1,'2015-09-10 00:00:00.000','2015-09-11 00:00:00.000',99,14984),(7,1,'2015-09-10 00:00:00.000','2015-09-11 00:00:00.000',99,14985),(7,1,'2015-09-10 00:00:00.000','2015-09-11 00:00:00.000',99,14986),(7,1,'2015-09-10 00:00:00.000','2015-09-11 00:00:00.000',99,14987),(7,1,'2015-09-10 00:00:00.000','2015-09-11 00:00:00.000',99,14988),(7,1,'2015-09-10 00:00:00.000','2015-09-11 00:00:00.000',99,14989),(7,1,'2015-09-10 00:00:00.000','2015-09-11 00:00:00.000',99,14990),(7,1,'2015-09-10 00:00:00.000','2015-09-11 00:00:00.000',99,14991),(7,1,'2015-09-10 00:00:00.000','2015-09-11 00:00:00.000',99,14992),(7,1,'2015-09-10 00:00:00.000','2015-09-11 00:00:00.000',99,14993),(7,1,'2015-09-10 00:00:00.000','2015-09-11 00:00:00.000',99,14994),(7,1,'2015-09-10 00:00:00.000','2015-09-11 00:00:00.000',99,14995),(7,1,'2015-09-10 00:00:00.000','2015-09-11 00:00:00.000',99,14996),(7,1,'2015-09-10 00:00:00.000','2015-09-11 00:00:00.000',99,14997),(7,1,'2015-09-10 00:00:00.000','2015-09-11 00:00:00.000',99,14998),(7,1,'2015-09-10 00:00:00.000','2015-09-11 00:00:00.000',99,14999),(7,1,'2015-09-10 00:00:00.000','2015-09-11 00:00:00.000',99,15000),(7,1,'2015-09-10 00:00:00.000','2015-09-11 00:00:00.000',99,15001),(7,1,'2015-09-10 00:00:00.000','2015-09-11 00:00:00.000',99,15002),(7,1,'2015-09-10 00:00:00.000','2015-09-11 00:00:00.000',99,15003),(7,1,'2015-09-10 00:00:00.000','2015-09-11 00:00:00.000',99,15004),(7,1,'2015-09-10 00:00:00.000','2015-09-11 00:00:00.000',99,15005),(7,1,'2015-09-10 00:00:00.000','2015-09-11 00:00:00.000',99,15006),(7,1,'2015-09-10 00:00:00.000','2015-09-11 00:00:00.000',99,15007),(7,1,'2015-09-10 00:00:00.000','2015-09-11 00:00:00.000',99,15008),(7,1,'2015-09-10 00:00:00.000','2015-09-11 00:00:00.000',99,15009),(7,1,'2015-09-10 00:00:00.000','2015-09-11 00:00:00.000',99,15010),(7,1,'2015-09-10 00:00:00.000','2015-09-11 00:00:00.000',99,15011),(7,1,'2015-09-10 00:00:00.000','2015-09-11 00:00:00.000',99,15012),(7,1,'2015-09-10 00:00:00.000','2015-09-11 00:00:00.000',99,15013),(7,1,'2015-09-10 00:00:00.000','2015-09-11 00:00:00.000',99,15014),(7,1,'2015-09-10 00:00:00.000','2015-09-11 00:00:00.000',99,15015),(7,1,'2015-09-10 00:00:00.000','2015-09-11 00:00:00.000',99,15016),(7,1,'2015-09-10 00:00:00.000','2015-09-11 00:00:00.000',99,15017),(7,1,'2015-09-10 00:00:00.000','2015-09-11 00:00:00.000',99,15018),(7,1,'2015-09-10 00:00:00.000','2015-09-11 00:00:00.000',99,15019),(7,1,'2015-09-10 00:00:00.000','2015-09-11 00:00:00.000',99,15020),(7,1,'2015-09-10 00:00:00.000','2015-09-11 00:00:00.000',99,15021),(7,1,'2015-09-10 00:00:00.000','2015-09-11 00:00:00.000',99,15022),(7,1,'2015-09-10 00:00:00.000','2015-09-11 00:00:00.000',99,15023),(7,1,'2015-09-10 00:00:00.000','2015-09-11 00:00:00.000',99,15024),(7,1,'2015-09-10 00:00:00.000','2015-09-11 00:00:00.000',99,15025),(7,1,'2015-09-10 00:00:00.000','2015-09-11 00:00:00.000',99,15026),(7,1,'2015-09-10 00:00:00.000','2015-09-11 00:00:00.000',99,15027),(7,1,'2015-09-10 00:00:00.000','2015-09-11 00:00:00.000',99,15028),(7,1,'2015-09-10 00:00:00.000','2015-09-11 00:00:00.000',99,15029),(7,1,'2015-09-10 00:00:00.000','2015-09-11 00:00:00.000',99,15030),(7,1,'2015-09-10 00:00:00.000','2015-09-11 00:00:00.000',99,15031),(7,1,'2015-09-10 00:00:00.000','2015-09-11 00:00:00.000',99,15032),(7,1,'2015-09-10 00:00:00.000','2015-09-11 00:00:00.000',99,15033),(7,1,'2015-09-10 00:00:00.000','2015-09-11 00:00:00.000',99,15034),(7,1,'2015-09-10 00:00:00.000','2015-09-11 00:00:00.000',99,15035),(7,1,'2015-09-10 00:00:00.000','2015-09-11 00:00:00.000',99,15036),(7,1,'2015-09-10 00:00:00.000','2015-09-11 00:00:00.000',99,15037),(7,1,'2015-09-10 00:00:00.000','2015-09-11 00:00:00.000',99,15038),(7,1,'2015-09-10 00:00:00.000','2015-09-11 00:00:00.000',99,15039),(7,1,'2015-09-10 00:00:00.000','2015-09-11 00:00:00.000',99,15040),(7,1,'2015-09-10 00:00:00.000','2015-09-11 00:00:00.000',99,15041),(7,1,'2015-09-10 00:00:00.000','2015-09-11 00:00:00.000',99,15042),(7,1,'2015-09-10 00:00:00.000','2015-09-11 00:00:00.000',99,15043),(7,1,'2015-09-10 00:00:00.000','2015-09-11 00:00:00.000',99,15044),(7,1,'2015-09-10 00:00:00.000','2015-09-11 00:00:00.000',99,15045),(7,1,'2015-09-10 00:00:00.000','2015-09-11 00:00:00.000',99,15046),(7,1,'2015-09-10 00:00:00.000','2015-09-11 00:00:00.000',99,15047),(7,1,'2015-09-10 00:00:00.000','2015-09-11 00:00:00.000',99,15048),(7,1,'2015-09-10 00:00:00.000','2015-09-11 00:00:00.000',99,15049),(7,1,'2015-09-10 00:00:00.000','2015-09-11 00:00:00.000',99,15050),(7,1,'2015-09-10 00:00:00.000','2015-09-11 00:00:00.000',99,15051),(7,1,'2015-09-10 00:00:00.000','2015-09-11 00:00:00.000',99,15052),(7,1,'2015-09-10 00:00:00.000','2015-09-11 00:00:00.000',99,15053),(7,1,'2015-09-10 00:00:00.000','2015-09-11 00:00:00.000',99,15054),(7,1,'2015-09-10 00:00:00.000','2015-09-11 00:00:00.000',99,15055),(7,1,'2015-09-10 00:00:00.000','2015-09-11 00:00:00.000',99,15056),(7,1,'2015-09-10 00:00:00.000','2015-09-11 00:00:00.000',99,15057),(7,1,'2015-09-10 00:00:00.000','2015-09-11 00:00:00.000',99,15058),(7,1,'2015-09-10 00:00:00.000','2015-09-11 00:00:00.000',99,15059),(7,1,'2015-09-10 00:00:00.000','2015-09-11 00:00:00.000',99,15060),(7,1,'2015-09-10 00:00:00.000','2015-09-11 00:00:00.000',99,15061),(7,1,'2015-09-10 00:00:00.000','2015-09-11 00:00:00.000',99,15062),(7,1,'2015-09-10 00:00:00.000','2015-09-11 00:00:00.000',99,15063),(7,1,'2015-09-10 00:00:00.000','2015-09-11 00:00:00.000',99,15064),(7,1,'2015-09-10 00:00:00.000','2015-09-11 00:00:00.000',99,15065),(7,1,'2015-09-10 00:00:00.000','2015-09-11 00:00:00.000',99,15066),(7,1,'2015-09-10 00:00:00.000','2015-09-11 00:00:00.000',99,15067),(7,1,'2015-09-10 00:00:00.000','2015-09-11 00:00:00.000',99,15068),(7,1,'2015-09-10 00:00:00.000','2015-09-11 00:00:00.000',99,15069),(7,1,'2015-09-10 00:00:00.000','2015-09-11 00:00:00.000',99,15070),(7,1,'2015-09-10 00:00:00.000','2015-09-11 00:00:00.000',99,15071),(7,1,'2015-09-10 00:00:00.000','2015-09-11 00:00:00.000',99,15072),(7,1,'2015-09-10 00:00:00.000','2015-09-11 00:00:00.000',99,15073),(7,1,'2015-09-10 00:00:00.000','2015-09-11 00:00:00.000',99,15074),(7,1,'2015-09-10 00:00:00.000','2015-09-11 00:00:00.000',99,15075),(7,1,'2015-09-10 00:00:00.000','2015-09-11 00:00:00.000',99,15076),(7,1,'2015-09-10 00:00:00.000','2015-09-11 00:00:00.000',99,15077),(7,1,'2015-09-10 00:00:00.000','2015-09-11 00:00:00.000',99,15078),(7,1,'2015-09-10 00:00:00.000','2015-09-11 00:00:00.000',99,15079),(7,1,'2015-09-10 00:00:00.000','2015-09-11 00:00:00.000',99,15080),(7,1,'2015-09-10 00:00:00.000','2015-09-11 00:00:00.000',99,15081),(7,1,'2015-09-10 00:00:00.000','2015-09-11 00:00:00.000',99,15082),(7,1,'2015-09-10 00:00:00.000','2015-09-11 00:00:00.000',99,15083),(7,1,'2015-09-10 00:00:00.000','2015-09-11 00:00:00.000',99,15084),(7,1,'2015-09-10 00:00:00.000','2015-09-11 00:00:00.000',99,15085),(7,1,'2015-09-10 00:00:00.000','2015-09-11 00:00:00.000',99,15086),(7,1,'2015-09-10 00:00:00.000','2015-09-11 00:00:00.000',99,15087),(7,1,'2015-09-10 00:00:00.000','2015-09-11 00:00:00.000',99,15088),(7,1,'2015-09-10 00:00:00.000','2015-09-11 00:00:00.000',99,15089),(7,1,'2015-09-10 00:00:00.000','2015-09-11 00:00:00.000',99,15090),(7,1,'2015-09-10 00:00:00.000','2015-09-11 00:00:00.000',99,15091),(7,1,'2015-09-10 00:00:00.000','2015-09-11 00:00:00.000',99,15092),(7,1,'2015-09-10 00:00:00.000','2015-09-11 00:00:00.000',99,15093),(7,1,'2015-09-10 00:00:00.000','2015-09-11 00:00:00.000',99,15094),(7,1,'2015-09-10 00:00:00.000','2015-09-11 00:00:00.000',99,15095),(7,1,'2015-09-10 00:00:00.000','2015-09-11 00:00:00.000',99,15096),(7,1,'2015-09-10 00:00:00.000','2015-09-11 00:00:00.000',99,15097),(7,1,'2015-09-10 00:00:00.000','2015-09-11 00:00:00.000',99,15098),(7,1,'2015-09-10 00:00:00.000','2015-09-11 00:00:00.000',99,15099),(7,1,'2015-09-10 00:00:00.000','2015-09-11 00:00:00.000',99,15100),(7,1,'2015-09-10 00:00:00.000','2015-09-11 00:00:00.000',99,15101),(7,1,'2015-09-10 00:00:00.000','2015-09-11 00:00:00.000',99,15102),(7,1,'2015-09-10 00:00:00.000','2015-09-11 00:00:00.000',99,15103),(7,1,'2015-09-10 00:00:00.000','2015-09-11 00:00:00.000',99,15104),(7,1,'2015-09-10 00:00:00.000','2015-09-11 00:00:00.000',99,15105),(7,1,'2015-09-10 00:00:00.000','2015-09-11 00:00:00.000',99,15106),(7,1,'2015-09-10 00:00:00.000','2015-09-11 00:00:00.000',99,15107),(7,1,'2015-09-10 00:00:00.000','2015-09-11 00:00:00.000',99,15108),(7,1,'2015-09-10 00:00:00.000','2015-09-11 00:00:00.000',99,15109),(7,1,'2015-09-10 00:00:00.000','2015-09-11 00:00:00.000',99,15110),(7,1,'2015-09-10 00:00:00.000','2015-09-11 00:00:00.000',99,15111),(7,1,'2015-09-10 00:00:00.000','2015-09-11 00:00:00.000',99,15112),(7,1,'2015-09-10 00:00:00.000','2015-09-11 00:00:00.000',99,15113),(7,1,'2015-09-10 00:00:00.000','2015-09-11 00:00:00.000',99,15114),(7,1,'2015-09-10 00:00:00.000','2015-09-11 00:00:00.000',99,15115),(7,1,'2015-09-10 00:00:00.000','2015-09-11 00:00:00.000',99,15116),(7,1,'2015-09-10 00:00:00.000','2015-09-11 00:00:00.000',99,15117),(7,1,'2015-09-10 00:00:00.000','2015-09-11 00:00:00.000',99,15118),(7,1,'2015-09-10 00:00:00.000','2015-09-11 00:00:00.000',99,15119),(7,1,'2015-09-10 00:00:00.000','2015-09-11 00:00:00.000',99,15120),(7,1,'2015-09-10 00:00:00.000','2015-09-11 00:00:00.000',99,15121),(7,1,'2015-09-10 00:00:00.000','2015-09-11 00:00:00.000',99,15122),(7,1,'2015-09-10 00:00:00.000','2015-09-11 00:00:00.000',99,15123),(7,1,'2015-09-10 00:00:00.000','2015-09-11 00:00:00.000',99,15124),(7,1,'2015-09-10 00:00:00.000','2015-09-11 00:00:00.000',99,15125),(7,1,'2015-09-10 00:00:00.000','2015-09-11 00:00:00.000',99,15126),(7,1,'2015-09-10 00:00:00.000','2015-09-11 00:00:00.000',99,15127),(7,1,'2015-09-10 00:00:00.000','2015-09-11 00:00:00.000',99,15128),(7,1,'2015-09-10 00:00:00.000','2015-09-11 00:00:00.000',99,15129),(7,1,'2015-09-10 00:00:00.000','2015-09-11 00:00:00.000',99,15130),(7,1,'2015-09-10 00:00:00.000','2015-09-11 00:00:00.000',99,15131),(7,1,'2015-09-10 00:00:00.000','2015-09-11 00:00:00.000',99,15132),(7,1,'2015-09-10 00:00:00.000','2015-09-11 00:00:00.000',99,15133),(7,1,'2015-09-10 00:00:00.000','2015-09-11 00:00:00.000',99,15134),(7,1,'2015-09-10 00:00:00.000','2015-09-11 00:00:00.000',99,15135),(7,1,'2015-09-10 00:00:00.000','2015-09-11 00:00:00.000',99,15136),(7,1,'2015-09-10 00:00:00.000','2015-09-11 00:00:00.000',99,15137),(7,1,'2015-09-10 00:00:00.000','2015-09-11 00:00:00.000',99,15138),(7,1,'2015-09-10 00:00:00.000','2015-09-11 00:00:00.000',99,15139),(7,1,'2015-09-10 00:00:00.000','2015-09-11 00:00:00.000',99,15140),(7,1,'2015-09-10 00:00:00.000','2015-09-11 00:00:00.000',99,15141),(7,1,'2015-09-10 00:00:00.000','2015-09-11 00:00:00.000',99,15142),(7,1,'2015-09-10 00:00:00.000','2015-09-11 00:00:00.000',99,15143),(7,1,'2015-09-10 00:00:00.000','2015-09-11 00:00:00.000',99,15144),(7,1,'2015-09-10 00:00:00.000','2015-09-11 00:00:00.000',99,15145),(7,1,'2015-09-10 00:00:00.000','2015-09-11 00:00:00.000',99,15146),(7,1,'2015-09-10 00:00:00.000','2015-09-11 00:00:00.000',99,15147),(7,1,'2015-09-10 00:00:00.000','2015-09-11 00:00:00.000',99,15148),(7,1,'2015-09-10 00:00:00.000','2015-09-11 00:00:00.000',99,15149),(7,1,'2015-09-10 00:00:00.000','2015-09-11 00:00:00.000',99,15150),(7,1,'2015-09-10 00:00:00.000','2015-09-11 00:00:00.000',99,15151),(7,1,'2015-09-10 00:00:00.000','2015-09-11 00:00:00.000',99,15152),(7,1,'2015-09-10 00:00:00.000','2015-09-11 00:00:00.000',99,15153),(7,1,'2015-09-10 00:00:00.000','2015-09-11 00:00:00.000',99,15154),(7,1,'2015-09-10 00:00:00.000','2015-09-11 00:00:00.000',99,15155),(7,1,'2015-09-10 00:00:00.000','2015-09-11 00:00:00.000',99,15156),(7,1,'2015-09-10 00:00:00.000','2015-09-11 00:00:00.000',99,15157),(7,1,'2015-09-10 00:00:00.000','2015-09-11 00:00:00.000',99,15158),(7,1,'2015-09-10 00:00:00.000','2015-09-11 00:00:00.000',99,15159),(7,1,'2015-09-10 00:00:00.000','2015-09-11 00:00:00.000',99,15160),(7,1,'2015-09-10 00:00:00.000','2015-09-11 00:00:00.000',99,15161),(7,1,'2015-09-10 00:00:00.000','2015-09-11 00:00:00.000',99,15162),(7,1,'2015-09-10 00:00:00.000','2015-09-11 00:00:00.000',99,15163),(7,1,'2015-09-10 00:00:00.000','2015-09-11 00:00:00.000',99,15164),(7,1,'2015-09-10 00:00:00.000','2015-09-11 00:00:00.000',99,15165),(7,1,'2015-09-10 00:00:00.000','2015-09-11 00:00:00.000',99,15166),(7,1,'2015-09-10 00:00:00.000','2015-09-11 00:00:00.000',99,15167),(7,1,'2015-09-10 00:00:00.000','2015-09-11 00:00:00.000',99,15168),(7,1,'2015-09-10 00:00:00.000','2015-09-11 00:00:00.000',99,15169),(7,1,'2015-09-10 00:00:00.000','2015-09-11 00:00:00.000',99,15170),(7,1,'2015-09-10 00:00:00.000','2015-09-11 00:00:00.000',99,15171),(7,1,'2015-09-10 00:00:00.000','2015-09-11 00:00:00.000',99,15172),(7,1,'2015-09-10 00:00:00.000','2015-09-11 00:00:00.000',99,15173),(7,1,'2015-09-10 00:00:00.000','2015-09-11 00:00:00.000',99,15174),(7,1,'2015-09-10 00:00:00.000','2015-09-11 00:00:00.000',99,15175),(7,1,'2015-09-10 00:00:00.000','2015-09-11 00:00:00.000',99,15176),(7,1,'2015-09-10 00:00:00.000','2015-09-11 00:00:00.000',99,15177),(7,1,'2015-09-10 00:00:00.000','2015-09-11 00:00:00.000',99,15178),(7,1,'2015-09-10 00:00:00.000','2015-09-11 00:00:00.000',99,15179),(7,1,'2015-09-10 00:00:00.000','2015-09-11 00:00:00.000',99,15180),(7,1,'2015-09-10 00:00:00.000','2015-09-11 00:00:00.000',99,15181),(7,1,'2015-09-10 00:00:00.000','2015-09-11 00:00:00.000',99,15182),(7,1,'2015-09-10 00:00:00.000','2015-09-11 00:00:00.000',99,15183),(7,1,'2015-09-10 00:00:00.000','2015-09-11 00:00:00.000',99,15184),(7,1,'2015-09-10 00:00:00.000','2015-09-11 00:00:00.000',99,15185),(7,1,'2015-09-10 00:00:00.000','2015-09-11 00:00:00.000',99,15186),(7,1,'2015-09-10 00:00:00.000','2015-09-11 00:00:00.000',99,15187),(7,1,'2015-09-10 00:00:00.000','2015-09-11 00:00:00.000',99,15188),(7,1,'2015-09-10 00:00:00.000','2015-09-11 00:00:00.000',99,15189),(7,1,'2015-09-10 00:00:00.000','2015-09-11 00:00:00.000',99,15190),(7,1,'2015-09-10 00:00:00.000','2015-09-11 00:00:00.000',99,15191),(7,1,'2015-09-10 00:00:00.000','2015-09-11 00:00:00.000',99,15192),(7,1,'2015-09-10 00:00:00.000','2015-09-11 00:00:00.000',99,15193),(7,1,'2015-09-10 00:00:00.000','2015-09-11 00:00:00.000',99,15194),(7,1,'2015-09-10 00:00:00.000','2015-09-11 00:00:00.000',99,15195),(7,1,'2015-09-10 00:00:00.000','2015-09-11 00:00:00.000',99,15196),(7,1,'2015-09-10 00:00:00.000','2015-09-11 00:00:00.000',99,15197),(7,1,'2015-09-10 00:00:00.000','2015-09-11 00:00:00.000',99,15198),(7,1,'2015-09-10 00:00:00.000','2015-09-11 00:00:00.000',99,15199),(7,1,'2015-09-10 00:00:00.000','2015-09-11 00:00:00.000',99,15200),(7,1,'2015-09-10 00:00:00.000','2015-09-11 00:00:00.000',99,15201),(7,1,'2015-09-10 00:00:00.000','2015-09-11 00:00:00.000',99,15202),(7,1,'2015-09-10 00:00:00.000','2015-09-11 00:00:00.000',99,15203),(7,1,'2015-09-10 00:00:00.000','2015-09-11 00:00:00.000',99,15204),(7,1,'2015-09-10 00:00:00.000','2015-09-11 00:00:00.000',99,15205),(7,1,'2015-09-10 00:00:00.000','2015-09-11 00:00:00.000',99,15206),(7,1,'2015-09-10 00:00:00.000','2015-09-11 00:00:00.000',99,15207),(7,1,'2015-09-10 00:00:00.000','2015-09-11 00:00:00.000',99,15208),(7,1,'2015-09-10 00:00:00.000','2015-09-11 00:00:00.000',99,15209),(7,1,'2015-09-10 00:00:00.000','2015-09-11 00:00:00.000',99,15210),(7,1,'2015-09-10 00:00:00.000','2015-09-11 00:00:00.000',99,15211),(7,1,'2015-09-10 00:00:00.000','2015-09-11 00:00:00.000',99,15212),(7,1,'2015-09-10 00:00:00.000','2015-09-11 00:00:00.000',99,15213),(7,1,'2015-09-10 00:00:00.000','2015-09-11 00:00:00.000',99,15214),(7,1,'2015-09-10 00:00:00.000','2015-09-11 00:00:00.000',99,15215),(7,1,'2015-09-10 00:00:00.000','2015-09-11 00:00:00.000',99,15216),(7,1,'2015-09-10 00:00:00.000','2015-09-11 00:00:00.000',99,15217),(7,1,'2015-09-10 00:00:00.000','2015-09-11 00:00:00.000',99,15218),(7,1,'2015-09-10 00:00:00.000','2015-09-11 00:00:00.000',99,15219),(7,1,'2015-09-10 00:00:00.000','2015-09-11 00:00:00.000',99,15220),(7,1,'2015-09-10 00:00:00.000','2015-09-11 00:00:00.000',99,15221),(7,1,'2015-09-10 00:00:00.000','2015-09-11 00:00:00.000',99,15222),(7,1,'2015-09-10 00:00:00.000','2015-09-11 00:00:00.000',99,15223),(7,1,'2015-09-10 00:00:00.000','2015-09-11 00:00:00.000',99,15224),(7,1,'2015-09-10 00:00:00.000','2015-09-11 00:00:00.000',99,15225),(7,1,'2015-09-10 00:00:00.000','2015-09-11 00:00:00.000',99,15226),(7,1,'2015-09-10 00:00:00.000','2015-09-11 00:00:00.000',99,15227),(7,1,'2015-09-10 00:00:00.000','2015-09-11 00:00:00.000',99,15228),(7,1,'2015-09-10 00:00:00.000','2015-09-11 00:00:00.000',99,15229),(7,1,'2015-09-10 00:00:00.000','2015-09-11 00:00:00.000',99,15230),(7,1,'2015-09-10 00:00:00.000','2015-09-11 00:00:00.000',99,15231),(7,1,'2015-09-10 00:00:00.000','2015-09-11 00:00:00.000',99,15232),(7,1,'2015-09-10 00:00:00.000','2015-09-11 00:00:00.000',99,15233),(7,1,'2015-09-10 00:00:00.000','2015-09-11 00:00:00.000',99,15234),(7,1,'2015-09-10 00:00:00.000','2015-09-11 00:00:00.000',99,15235),(7,1,'2015-09-10 00:00:00.000','2015-09-11 00:00:00.000',99,15236),(7,1,'2015-09-10 00:00:00.000','2015-09-11 00:00:00.000',99,15237),(7,1,'2015-09-10 00:00:00.000','2015-09-11 00:00:00.000',99,15238),(7,1,'2015-09-10 00:00:00.000','2015-09-11 00:00:00.000',99,15239),(7,1,'2015-09-10 00:00:00.000','2015-09-11 00:00:00.000',99,15240),(7,1,'2015-09-10 00:00:00.000','2015-09-11 00:00:00.000',99,15241),(7,1,'2015-09-10 00:00:00.000','2015-09-11 00:00:00.000',99,15242),(7,1,'2015-09-10 00:00:00.000','2015-09-11 00:00:00.000',99,15243),(7,1,'2015-09-10 00:00:00.000','2015-09-11 00:00:00.000',99,15244),(7,1,'2015-09-10 00:00:00.000','2015-09-11 00:00:00.000',99,15245),(7,1,'2015-09-10 00:00:00.000','2015-09-11 00:00:00.000',99,15246),(7,1,'2015-09-10 00:00:00.000','2015-09-11 00:00:00.000',99,15247),(7,1,'2015-09-10 00:00:00.000','2015-09-11 00:00:00.000',99,15248),(7,1,'2015-09-10 00:00:00.000','2015-09-11 00:00:00.000',99,15249),(7,1,'2015-09-10 00:00:00.000','2015-09-11 00:00:00.000',99,15250),(7,1,'2015-09-10 00:00:00.000','2015-09-11 00:00:00.000',99,15251),(7,1,'2015-09-10 00:00:00.000','2015-09-11 00:00:00.000',99,15252),(7,1,'2015-09-10 00:00:00.000','2015-09-11 00:00:00.000',99,15253),(7,1,'2015-09-10 00:00:00.000','2015-09-11 00:00:00.000',99,15254),(7,1,'2015-09-10 00:00:00.000','2015-09-11 00:00:00.000',99,15255),(7,1,'2015-09-10 00:00:00.000','2015-09-11 00:00:00.000',99,15256),(7,1,'2015-09-10 00:00:00.000','2015-09-11 00:00:00.000',99,15257),(7,1,'2015-09-10 00:00:00.000','2015-09-11 00:00:00.000',99,15258),(7,1,'2015-09-10 00:00:00.000','2015-09-11 00:00:00.000',99,15259),(7,1,'2015-09-10 00:00:00.000','2015-09-11 00:00:00.000',99,15260),(7,1,'2015-09-10 00:00:00.000','2015-09-11 00:00:00.000',99,15261),(7,1,'2015-09-10 00:00:00.000','2015-09-11 00:00:00.000',99,15262),(7,1,'2015-09-10 00:00:00.000','2015-09-11 00:00:00.000',99,15263),(7,1,'2015-09-10 00:00:00.000','2015-09-11 00:00:00.000',99,15264),(7,1,'2015-09-10 00:00:00.000','2015-09-11 00:00:00.000',99,15265),(7,1,'2015-09-10 00:00:00.000','2015-09-11 00:00:00.000',99,15266),(7,1,'2015-09-10 00:00:00.000','2015-09-11 00:00:00.000',99,15267),(7,1,'2015-09-10 00:00:00.000','2015-09-11 00:00:00.000',99,15268),(7,1,'2015-09-10 00:00:00.000','2015-09-11 00:00:00.000',99,15269),(7,1,'2015-09-10 00:00:00.000','2015-09-11 00:00:00.000',99,15270),(7,1,'2015-09-10 00:00:00.000','2015-09-11 00:00:00.000',99,15271),(7,1,'2015-09-10 00:00:00.000','2015-09-11 00:00:00.000',99,15272),(7,1,'2015-09-10 00:00:00.000','2015-09-11 00:00:00.000',99,15273),(7,1,'2015-09-10 00:00:00.000','2015-09-11 00:00:00.000',99,15274),(7,1,'2015-09-10 00:00:00.000','2015-09-11 00:00:00.000',99,15275),(7,1,'2015-09-10 00:00:00.000','2015-09-11 00:00:00.000',99,15276),(7,1,'2015-09-10 00:00:00.000','2015-09-11 00:00:00.000',99,15277),(7,1,'2015-09-10 00:00:00.000','2015-09-11 00:00:00.000',99,15278),(7,1,'2015-09-10 00:00:00.000','2015-09-11 00:00:00.000',99,15279),(7,1,'2015-09-10 00:00:00.000','2015-09-11 00:00:00.000',99,15280),(7,1,'2015-09-10 00:00:00.000','2015-09-11 00:00:00.000',99,15281),(7,1,'2015-09-10 00:00:00.000','2015-09-11 00:00:00.000',99,15282),(7,1,'2015-09-10 00:00:00.000','2015-09-11 00:00:00.000',99,15283),(7,1,'2015-09-10 00:00:00.000','2015-09-11 00:00:00.000',99,15284),(7,1,'2015-09-10 00:00:00.000','2015-09-11 00:00:00.000',99,15285),(7,1,'2015-09-10 00:00:00.000','2015-09-11 00:00:00.000',99,15286),(7,1,'2015-09-10 00:00:00.000','2015-09-11 00:00:00.000',99,15287),(7,1,'2015-09-10 00:00:00.000','2015-09-11 00:00:00.000',99,15288),(7,1,'2015-09-10 00:00:00.000','2015-09-11 00:00:00.000',99,15289),(7,1,'2015-09-10 00:00:00.000','2015-09-11 00:00:00.000',99,15290),(7,1,'2015-09-10 00:00:00.000','2015-09-11 00:00:00.000',99,15291),(7,1,'2015-09-10 00:00:00.000','2015-09-11 00:00:00.000',99,15292),(7,1,'2015-09-10 00:00:00.000','2015-09-11 00:00:00.000',99,15293),(7,1,'2015-09-10 00:00:00.000','2015-09-11 00:00:00.000',99,15294),(7,1,'2015-09-10 00:00:00.000','2015-09-11 00:00:00.000',99,15295),(7,1,'2015-09-10 00:00:00.000','2015-09-11 00:00:00.000',99,15296),(7,1,'2015-09-10 00:00:00.000','2015-09-11 00:00:00.000',99,15297),(7,1,'2015-09-10 00:00:00.000','2015-09-11 00:00:00.000',99,15298),(7,1,'2015-09-10 00:00:00.000','2015-09-11 00:00:00.000',99,15299),(7,1,'2015-09-10 00:00:00.000','2015-09-11 00:00:00.000',99,15300),(7,1,'2015-09-10 00:00:00.000','2015-09-11 00:00:00.000',99,15301),(7,1,'2015-09-10 00:00:00.000','2015-09-11 00:00:00.000',99,15302),(7,1,'2015-09-10 00:00:00.000','2015-09-11 00:00:00.000',99,15303),(7,1,'2015-09-10 00:00:00.000','2015-09-11 00:00:00.000',99,15304),(7,1,'2015-09-10 00:00:00.000','2015-09-11 00:00:00.000',99,15305),(7,1,'2015-09-10 00:00:00.000','2015-09-11 00:00:00.000',99,15306),(7,1,'2015-09-10 00:00:00.000','2015-09-11 00:00:00.000',99,15307),(7,1,'2015-09-10 00:00:00.000','2015-09-11 00:00:00.000',99,15308),(7,1,'2015-09-10 00:00:00.000','2015-09-11 00:00:00.000',99,15309),(7,1,'2015-09-10 00:00:00.000','2015-09-11 00:00:00.000',99,15310),(7,1,'2015-09-10 00:00:00.000','2015-09-11 00:00:00.000',99,15311),(7,1,'2015-09-10 00:00:00.000','2015-09-11 00:00:00.000',99,15312),(7,1,'2015-09-10 00:00:00.000','2015-09-11 00:00:00.000',99,15313),(7,1,'2015-09-10 00:00:00.000','2015-09-11 00:00:00.000',99,15314),(7,1,'2015-09-10 00:00:00.000','2015-09-11 00:00:00.000',99,15315),(7,1,'2015-09-10 00:00:00.000','2015-09-11 00:00:00.000',99,15316),(7,1,'2015-09-10 00:00:00.000','2015-09-11 00:00:00.000',99,15317),(7,1,'2015-09-10 00:00:00.000','2015-09-11 00:00:00.000',99,15318),(7,1,'2015-09-10 00:00:00.000','2015-09-11 00:00:00.000',99,15319),(7,1,'2015-09-10 00:00:00.000','2015-09-11 00:00:00.000',99,15320),(7,1,'2015-09-10 00:00:00.000','2015-09-11 00:00:00.000',99,15321),(7,1,'2015-09-10 00:00:00.000','2015-09-11 00:00:00.000',99,15322),(7,1,'2015-09-10 00:00:00.000','2015-09-11 00:00:00.000',99,15323),(7,1,'2015-09-10 00:00:00.000','2015-09-11 00:00:00.000',99,15324),(7,1,'2015-09-10 00:00:00.000','2015-09-11 00:00:00.000',99,15325),(7,1,'2015-09-10 00:00:00.000','2015-09-11 00:00:00.000',99,15326),(7,1,'2015-09-10 00:00:00.000','2015-09-11 00:00:00.000',99,15327),(7,1,'2015-09-10 00:00:00.000','2015-09-11 00:00:00.000',99,15328),(7,1,'2015-09-10 00:00:00.000','2015-09-11 00:00:00.000',99,15329),(7,1,'2015-09-10 00:00:00.000','2015-09-11 00:00:00.000',99,15330),(7,1,'2015-09-10 00:00:00.000','2015-09-11 00:00:00.000',99,15331),(7,1,'2015-09-10 00:00:00.000','2015-09-11 00:00:00.000',99,15332),(7,1,'2015-09-10 00:00:00.000','2015-09-11 00:00:00.000',99,15333),(7,1,'2015-09-10 00:00:00.000','2015-09-11 00:00:00.000',99,15334),(7,1,'2015-09-10 00:00:00.000','2015-09-11 00:00:00.000',99,15335),(7,1,'2015-09-10 00:00:00.000','2015-09-11 00:00:00.000',99,15336),(7,1,'2015-09-10 00:00:00.000','2015-09-11 00:00:00.000',99,15337),(7,1,'2015-09-10 00:00:00.000','2015-09-11 00:00:00.000',99,15338),(7,1,'2015-09-10 00:00:00.000','2015-09-11 00:00:00.000',99,15339),(7,1,'2015-09-10 00:00:00.000','2015-09-11 00:00:00.000',99,15340),(7,1,'2015-09-10 00:00:00.000','2015-09-11 00:00:00.000',99,15341),(7,1,'2015-09-10 00:00:00.000','2015-09-11 00:00:00.000',99,15342),(7,1,'2015-09-10 00:00:00.000','2015-09-11 00:00:00.000',99,15343),(7,1,'2015-09-10 00:00:00.000','2015-09-11 00:00:00.000',99,15344),(7,1,'2015-09-10 00:00:00.000','2015-09-11 00:00:00.000',99,15345),(7,1,'2015-09-10 00:00:00.000','2015-09-11 00:00:00.000',99,15346),(7,1,'2015-09-10 00:00:00.000','2015-09-11 00:00:00.000',99,15347),(7,1,'2015-09-10 00:00:00.000','2015-09-11 00:00:00.000',99,15348),(7,1,'2015-09-10 00:00:00.000','2015-09-11 00:00:00.000',99,15349),(7,1,'2015-09-10 00:00:00.000','2015-09-11 00:00:00.000',99,15350),(7,1,'2015-09-10 00:00:00.000','2015-09-11 00:00:00.000',99,15351),(7,1,'2015-09-10 00:00:00.000','2015-09-11 00:00:00.000',99,15352),(7,1,'2015-09-10 00:00:00.000','2015-09-11 00:00:00.000',99,15353),(7,1,'2015-09-10 00:00:00.000','2015-09-11 00:00:00.000',99,15354),(7,1,'2015-09-10 00:00:00.000','2015-09-11 00:00:00.000',99,15355),(7,1,'2015-09-10 00:00:00.000','2015-09-11 00:00:00.000',99,15356),(7,1,'2015-09-10 00:00:00.000','2015-09-11 00:00:00.000',99,15357),(7,1,'2015-09-10 00:00:00.000','2015-09-11 00:00:00.000',99,15358),(7,1,'2015-09-10 00:00:00.000','2015-09-11 00:00:00.000',99,15359),(7,1,'2015-09-10 00:00:00.000','2015-09-11 00:00:00.000',99,15360),(7,1,'2015-09-10 00:00:00.000','2015-09-11 00:00:00.000',99,15361),(7,1,'2015-09-10 00:00:00.000','2015-09-11 00:00:00.000',99,15362),(7,1,'2015-09-10 00:00:00.000','2015-09-11 00:00:00.000',99,15363),(7,1,'2015-09-10 00:00:00.000','2015-09-11 00:00:00.000',99,15364),(7,1,'2015-09-10 00:00:00.000','2015-09-11 00:00:00.000',99,15365),(7,1,'2015-09-10 00:00:00.000','2015-09-11 00:00:00.000',99,15366),(7,1,'2015-09-10 00:00:00.000','2015-09-11 00:00:00.000',99,15367),(7,1,'2015-09-10 00:00:00.000','2015-09-11 00:00:00.000',99,15368),(7,1,'2015-09-10 00:00:00.000','2015-09-11 00:00:00.000',99,15369),(7,1,'2015-09-10 00:00:00.000','2015-09-11 00:00:00.000',99,15370),(7,1,'2015-09-10 00:00:00.000','2015-09-11 00:00:00.000',99,15371),(7,1,'2015-09-10 00:00:00.000','2015-09-11 00:00:00.000',99,15372),(7,1,'2015-09-10 00:00:00.000','2015-09-11 00:00:00.000',99,15373),(7,1,'2015-09-10 00:00:00.000','2015-09-11 00:00:00.000',99,15374),(7,1,'2015-09-10 00:00:00.000','2015-09-11 00:00:00.000',99,15375),(7,1,'2015-09-10 00:00:00.000','2015-09-11 00:00:00.000',99,15376),(7,1,'2015-09-10 00:00:00.000','2015-09-11 00:00:00.000',99,15377),(7,1,'2015-09-10 00:00:00.000','2015-09-11 00:00:00.000',99,15378),(7,1,'2015-09-10 00:00:00.000','2015-09-11 00:00:00.000',99,15379),(7,1,'2015-09-10 00:00:00.000','2015-09-11 00:00:00.000',99,15380),(7,1,'2015-09-10 00:00:00.000','2015-09-11 00:00:00.000',99,15381),(7,1,'2015-09-10 00:00:00.000','2015-09-11 00:00:00.000',99,15382),(7,1,'2015-09-10 00:00:00.000','2015-09-11 00:00:00.000',99,15383),(7,1,'2015-09-10 00:00:00.000','2015-09-11 00:00:00.000',99,15384),(7,1,'2015-09-10 00:00:00.000','2015-09-11 00:00:00.000',99,15385),(7,1,'2015-09-10 00:00:00.000','2015-09-11 00:00:00.000',99,15386),(7,1,'2015-09-10 00:00:00.000','2015-09-11 00:00:00.000',99,15387),(7,1,'2015-09-10 00:00:00.000','2015-09-11 00:00:00.000',99,15388),(7,1,'2015-09-10 00:00:00.000','2015-09-11 00:00:00.000',99,15389),(7,1,'2015-09-10 00:00:00.000','2015-09-11 00:00:00.000',99,15390),(7,1,'2015-09-10 00:00:00.000','2015-09-11 00:00:00.000',99,15391),(7,1,'2015-09-10 00:00:00.000','2015-09-11 00:00:00.000',99,15392),(7,1,'2015-09-10 00:00:00.000','2015-09-11 00:00:00.000',99,15393),(7,1,'2015-09-10 00:00:00.000','2015-09-11 00:00:00.000',99,15394),(7,1,'2015-09-10 00:00:00.000','2015-09-11 00:00:00.000',99,15395),(7,1,'2015-09-10 00:00:00.000','2015-09-11 00:00:00.000',99,15396),(7,1,'2015-09-10 00:00:00.000','2015-09-11 00:00:00.000',99,15397),(7,1,'2015-09-10 00:00:00.000','2015-09-11 00:00:00.000',99,15398),(7,1,'2015-09-10 00:00:00.000','2015-09-11 00:00:00.000',99,15399),(7,1,'2015-09-10 00:00:00.000','2015-09-11 00:00:00.000',99,15400),(7,1,'2015-09-10 00:00:00.000','2015-09-11 00:00:00.000',99,15401),(7,1,'2015-09-10 00:00:00.000','2015-09-11 00:00:00.000',99,15402),(7,1,'2015-09-10 00:00:00.000','2015-09-11 00:00:00.000',99,15403),(7,1,'2015-09-10 00:00:00.000','2015-09-11 00:00:00.000',99,15404),(7,1,'2015-09-10 00:00:00.000','2015-09-11 00:00:00.000',99,15405),(7,1,'2015-09-10 00:00:00.000','2015-09-11 00:00:00.000',99,15406),(7,1,'2015-09-10 00:00:00.000','2015-09-11 00:00:00.000',99,15407),(7,1,'2015-09-10 00:00:00.000','2015-09-11 00:00:00.000',99,15408),(7,1,'2015-09-10 00:00:00.000','2015-09-11 00:00:00.000',99,15409),(7,1,'2015-09-10 00:00:00.000','2015-09-11 00:00:00.000',99,15410),(7,1,'2015-09-10 00:00:00.000','2015-09-11 00:00:00.000',99,15411),(7,1,'2015-09-10 00:00:00.000','2015-09-11 00:00:00.000',99,15412),(7,1,'2015-09-10 00:00:00.000','2015-09-11 00:00:00.000',99,15413),(7,1,'2015-09-10 00:00:00.000','2015-09-11 00:00:00.000',99,15414),(7,1,'2015-09-10 00:00:00.000','2015-09-11 00:00:00.000',99,15415),(7,1,'2015-09-10 00:00:00.000','2015-09-11 00:00:00.000',99,15416),(7,1,'2015-09-10 00:00:00.000','2015-09-11 00:00:00.000',99,15417),(7,1,'2015-09-10 00:00:00.000','2015-09-11 00:00:00.000',99,15418),(7,1,'2015-09-10 00:00:00.000','2015-09-11 00:00:00.000',99,15419),(7,1,'2015-09-10 00:00:00.000','2015-09-11 00:00:00.000',99,15420),(7,1,'2015-09-10 00:00:00.000','2015-09-11 00:00:00.000',99,15421),(7,1,'2015-09-10 00:00:00.000','2015-09-11 00:00:00.000',99,15422),(7,1,'2015-09-10 00:00:00.000','2015-09-11 00:00:00.000',99,15423),(7,1,'2015-09-10 00:00:00.000','2015-09-11 00:00:00.000',99,15424),(7,1,'2015-09-10 00:00:00.000','2015-09-11 00:00:00.000',99,15425),(7,1,'2015-09-10 00:00:00.000','2015-09-11 00:00:00.000',99,15426),(7,1,'2015-09-10 00:00:00.000','2015-09-11 00:00:00.000',99,15427),(7,1,'2015-09-10 00:00:00.000','2015-09-11 00:00:00.000',99,15428),(7,1,'2015-09-10 00:00:00.000','2015-09-11 00:00:00.000',99,15429),(7,1,'2015-09-10 00:00:00.000','2015-09-11 00:00:00.000',99,15430),(7,1,'2015-09-10 00:00:00.000','2015-09-11 00:00:00.000',99,15431),(7,1,'2015-09-10 00:00:00.000','2015-09-11 00:00:00.000',99,15432),(7,1,'2015-09-10 00:00:00.000','2015-09-11 00:00:00.000',99,15433),(7,1,'2015-09-10 00:00:00.000','2015-09-11 00:00:00.000',99,15434),(7,1,'2015-09-10 00:00:00.000','2015-09-11 00:00:00.000',99,15435),(7,1,'2015-09-10 00:00:00.000','2015-09-11 00:00:00.000',99,15436),(7,1,'2015-09-10 00:00:00.000','2015-09-11 00:00:00.000',99,15437),(7,1,'2015-09-10 00:00:00.000','2015-09-11 00:00:00.000',99,15438),(7,1,'2015-09-10 00:00:00.000','2015-09-11 00:00:00.000',99,15439),(7,1,'2015-09-10 00:00:00.000','2015-09-11 00:00:00.000',99,15440),(7,1,'2015-09-10 00:00:00.000','2015-09-11 00:00:00.000',99,15441),(7,1,'2015-09-10 00:00:00.000','2015-09-11 00:00:00.000',99,15442),(7,1,'2015-09-10 00:00:00.000','2015-09-11 00:00:00.000',99,15443),(7,1,'2015-09-10 00:00:00.000','2015-09-11 00:00:00.000',99,15444),(7,1,'2015-09-10 00:00:00.000','2015-09-11 00:00:00.000',99,15445),(7,1,'2015-09-10 00:00:00.000','2015-09-11 00:00:00.000',99,15446),(7,1,'2015-09-10 00:00:00.000','2015-09-11 00:00:00.000',99,15447),(7,1,'2015-09-10 00:00:00.000','2015-09-11 00:00:00.000',99,15448),(7,1,'2015-09-10 00:00:00.000','2015-09-11 00:00:00.000',99,15449),(7,1,'2015-09-10 00:00:00.000','2015-09-11 00:00:00.000',99,15450),(7,1,'2015-09-10 00:00:00.000','2015-09-11 00:00:00.000',99,15451),(7,1,'2015-09-10 00:00:00.000','2015-09-11 00:00:00.000',99,15452),(7,1,'2015-09-10 00:00:00.000','2015-09-11 00:00:00.000',99,15453),(7,1,'2015-09-10 00:00:00.000','2015-09-11 00:00:00.000',99,15454),(7,1,'2015-09-10 00:00:00.000','2015-09-11 00:00:00.000',99,15455),(7,1,'2015-09-10 00:00:00.000','2015-09-11 00:00:00.000',99,15456),(7,1,'2015-09-10 00:00:00.000','2015-09-11 00:00:00.000',99,15457),(7,1,'2015-09-10 00:00:00.000','2015-09-11 00:00:00.000',99,15458),(7,1,'2015-09-10 00:00:00.000','2015-09-11 00:00:00.000',99,15459),(7,1,'2015-09-10 00:00:00.000','2015-09-11 00:00:00.000',99,15460),(7,1,'2015-09-10 00:00:00.000','2015-09-11 00:00:00.000',99,15461),(7,1,'2015-09-10 00:00:00.000','2015-09-11 00:00:00.000',99,15462),(7,1,'2015-09-10 00:00:00.000','2015-09-11 00:00:00.000',99,15463),(7,1,'2015-09-10 00:00:00.000','2015-09-11 00:00:00.000',99,15464),(7,1,'2015-09-10 00:00:00.000','2015-09-11 00:00:00.000',99,15465),(7,1,'2015-09-10 00:00:00.000','2015-09-11 00:00:00.000',99,15466),(7,1,'2015-09-10 00:00:00.000','2015-09-11 00:00:00.000',99,15467),(7,1,'2015-09-10 00:00:00.000','2015-09-11 00:00:00.000',99,15468),(7,1,'2015-09-10 00:00:00.000','2015-09-11 00:00:00.000',99,15469),(7,1,'2015-09-10 00:00:00.000','2015-09-11 00:00:00.000',99,15470),(7,1,'2015-09-10 00:00:00.000','2015-09-11 00:00:00.000',99,15471),(7,1,'2015-09-10 00:00:00.000','2015-09-11 00:00:00.000',99,15472),(7,1,'2015-09-10 00:00:00.000','2015-09-11 00:00:00.000',99,15473),(7,1,'2015-09-10 00:00:00.000','2015-09-11 00:00:00.000',99,15474),(7,1,'2015-09-10 00:00:00.000','2015-09-11 00:00:00.000',99,15475),(7,1,'2015-09-10 00:00:00.000','2015-09-11 00:00:00.000',99,15476),(7,1,'2015-09-10 00:00:00.000','2015-09-11 00:00:00.000',99,15477),(7,1,'2015-09-10 00:00:00.000','2015-09-11 00:00:00.000',99,15478),(7,1,'2015-09-10 00:00:00.000','2015-09-11 00:00:00.000',99,15479),(7,1,'2015-09-10 00:00:00.000','2015-09-11 00:00:00.000',99,15480),(7,1,'2015-09-10 00:00:00.000','2015-09-11 00:00:00.000',99,15481),(7,1,'2015-09-10 00:00:00.000','2015-09-11 00:00:00.000',99,15482),(7,1,'2015-09-10 00:00:00.000','2015-09-11 00:00:00.000',99,15483),(7,1,'2015-09-10 00:00:00.000','2015-09-11 00:00:00.000',99,15484),(7,1,'2015-09-10 00:00:00.000','2015-09-11 00:00:00.000',99,15485),(7,1,'2015-09-10 00:00:00.000','2015-09-11 00:00:00.000',99,15486),(7,1,'2015-09-10 00:00:00.000','2015-09-11 00:00:00.000',99,15487),(7,1,'2015-09-10 00:00:00.000','2015-09-11 00:00:00.000',99,15488),(7,1,'2015-09-10 00:00:00.000','2015-09-11 00:00:00.000',99,15489),(7,1,'2015-09-10 00:00:00.000','2015-09-11 00:00:00.000',99,15490),(7,1,'2015-09-10 00:00:00.000','2015-09-11 00:00:00.000',99,15491),(7,1,'2015-09-10 00:00:00.000','2015-09-11 00:00:00.000',99,15492),(7,1,'2015-09-10 00:00:00.000','2015-09-11 00:00:00.000',99,15493),(7,1,'2015-09-10 00:00:00.000','2015-09-11 00:00:00.000',99,15494),(7,1,'2015-09-10 00:00:00.000','2015-09-11 00:00:00.000',99,15495),(7,1,'2015-09-10 00:00:00.000','2015-09-11 00:00:00.000',99,15496),(7,1,'2015-09-10 00:00:00.000','2015-09-11 00:00:00.000',99,15497),(7,1,'2015-09-10 00:00:00.000','2015-09-11 00:00:00.000',99,15498),(7,1,'2015-09-10 00:00:00.000','2015-09-11 00:00:00.000',99,15499),(7,1,'2015-09-10 00:00:00.000','2015-09-11 00:00:00.000',99,15500),(7,1,'2015-09-10 00:00:00.000','2015-09-11 00:00:00.000',99,15501),(7,1,'2015-09-10 00:00:00.000','2015-09-11 00:00:00.000',99,15502),(7,1,'2015-09-10 00:00:00.000','2015-09-11 00:00:00.000',99,15503),(7,1,'2015-09-10 00:00:00.000','2015-09-11 00:00:00.000',99,15504),(7,1,'2015-09-10 00:00:00.000','2015-09-11 00:00:00.000',99,15505),(7,1,'2015-09-10 00:00:00.000','2015-09-11 00:00:00.000',99,15506),(7,1,'2015-09-10 00:00:00.000','2015-09-11 00:00:00.000',99,15507),(7,1,'2015-09-10 00:00:00.000','2015-09-11 00:00:00.000',99,15508),(7,1,'2015-09-10 00:00:00.000','2015-09-11 00:00:00.000',99,15509),(7,1,'2015-09-10 00:00:00.000','2015-09-11 00:00:00.000',99,15510),(7,1,'2015-09-10 00:00:00.000','2015-09-11 00:00:00.000',99,15511),(7,1,'2015-09-10 00:00:00.000','2015-09-11 00:00:00.000',99,15512),(7,1,'2015-09-10 00:00:00.000','2015-09-11 00:00:00.000',99,15513),(7,1,'2015-09-10 00:00:00.000','2015-09-11 00:00:00.000',99,15514),(7,1,'2015-09-10 00:00:00.000','2015-09-11 00:00:00.000',99,15515),(7,1,'2015-09-10 00:00:00.000','2015-09-11 00:00:00.000',99,15516),(7,1,'2015-09-10 00:00:00.000','2015-09-11 00:00:00.000',99,15517),(7,1,'2015-09-10 00:00:00.000','2015-09-11 00:00:00.000',99,15518),(7,1,'2015-09-10 00:00:00.000','2015-09-11 00:00:00.000',99,15519),(7,1,'2015-09-10 00:00:00.000','2015-09-11 00:00:00.000',99,15520),(7,1,'2015-09-10 00:00:00.000','2015-09-11 00:00:00.000',99,15521),(7,1,'2015-09-10 00:00:00.000','2015-09-11 00:00:00.000',99,15522),(7,1,'2015-09-10 00:00:00.000','2015-09-11 00:00:00.000',99,15523),(7,1,'2015-09-10 00:00:00.000','2015-09-11 00:00:00.000',99,15524),(7,1,'2015-09-10 00:00:00.000','2015-09-11 00:00:00.000',99,15525),(7,1,'2015-09-10 00:00:00.000','2015-09-11 00:00:00.000',99,15526),(7,1,'2015-09-10 00:00:00.000','2015-09-11 00:00:00.000',99,15527),(7,1,'2015-09-10 00:00:00.000','2015-09-11 00:00:00.000',99,15528),(7,1,'2015-09-10 00:00:00.000','2015-09-11 00:00:00.000',99,15529),(7,1,'2015-09-10 00:00:00.000','2015-09-11 00:00:00.000',99,15530),(7,1,'2015-09-10 00:00:00.000','2015-09-11 00:00:00.000',99,15531),(7,1,'2015-09-10 00:00:00.000','2015-09-11 00:00:00.000',99,15532),(7,1,'2015-09-10 00:00:00.000','2015-09-11 00:00:00.000',99,15533),(7,1,'2015-09-10 00:00:00.000','2015-09-11 00:00:00.000',99,15534),(7,1,'2015-09-10 00:00:00.000','2015-09-11 00:00:00.000',99,15535),(7,1,'2015-09-10 00:00:00.000','2015-09-11 00:00:00.000',99,15536),(7,1,'2015-09-10 00:00:00.000','2015-09-11 00:00:00.000',99,15537),(7,1,'2015-09-10 00:00:00.000','2015-09-11 00:00:00.000',99,15538),(7,1,'2015-09-10 00:00:00.000','2015-09-11 00:00:00.000',99,15539),(7,1,'2015-09-10 00:00:00.000','2015-09-11 00:00:00.000',99,15540),(7,1,'2015-09-10 00:00:00.000','2015-09-11 00:00:00.000',99,15541),(7,1,'2015-09-10 00:00:00.000','2015-09-11 00:00:00.000',99,15542),(7,1,'2015-09-10 00:00:00.000','2015-09-11 00:00:00.000',99,15543),(7,1,'2015-09-10 00:00:00.000','2015-09-11 00:00:00.000',99,15544),(7,1,'2015-09-10 00:00:00.000','2015-09-11 00:00:00.000',99,15545),(7,1,'2015-09-10 00:00:00.000','2015-09-11 00:00:00.000',99,15546),(7,1,'2015-09-10 00:00:00.000','2015-09-11 00:00:00.000',99,15547),(7,1,'2015-09-10 00:00:00.000','2015-09-11 00:00:00.000',99,15548),(7,1,'2015-09-10 00:00:00.000','2015-09-11 00:00:00.000',99,15549),(7,1,'2015-09-10 00:00:00.000','2015-09-11 00:00:00.000',99,15550),(7,1,'2015-09-10 00:00:00.000','2015-09-11 00:00:00.000',99,15551),(7,1,'2015-09-10 00:00:00.000','2015-09-11 00:00:00.000',99,15552),(7,1,'2015-09-10 00:00:00.000','2015-09-11 00:00:00.000',99,15553),(7,1,'2015-09-10 00:00:00.000','2015-09-11 00:00:00.000',99,15554),(7,1,'2015-09-10 00:00:00.000','2015-09-11 00:00:00.000',99,15555),(7,1,'2015-09-10 00:00:00.000','2015-09-11 00:00:00.000',99,15556),(7,1,'2015-09-10 00:00:00.000','2015-09-11 00:00:00.000',99,15557),(7,1,'2015-09-10 00:00:00.000','2015-09-11 00:00:00.000',99,15558),(7,1,'2015-09-10 00:00:00.000','2015-09-11 00:00:00.000',99,15559),(7,1,'2015-09-10 00:00:00.000','2015-09-11 00:00:00.000',99,15560),(7,1,'2015-09-10 00:00:00.000','2015-09-11 00:00:00.000',99,15561),(7,1,'2015-09-10 00:00:00.000','2015-09-11 00:00:00.000',99,15562),(7,1,'2015-09-10 00:00:00.000','2015-09-11 00:00:00.000',99,15563),(7,1,'2015-09-10 00:00:00.000','2015-09-11 00:00:00.000',99,15564),(7,1,'2015-09-10 00:00:00.000','2015-09-11 00:00:00.000',99,15565),(7,1,'2015-09-10 00:00:00.000','2015-09-11 00:00:00.000',99,15566),(7,1,'2015-09-10 00:00:00.000','2015-09-11 00:00:00.000',99,15567),(7,1,'2015-09-10 00:00:00.000','2015-09-11 00:00:00.000',99,15568),(7,1,'2015-09-10 00:00:00.000','2015-09-11 00:00:00.000',99,15569),(7,1,'2015-09-10 00:00:00.000','2015-09-11 00:00:00.000',99,15570),(7,1,'2015-09-10 00:00:00.000','2015-09-11 00:00:00.000',99,15571),(7,1,'2015-09-10 00:00:00.000','2015-09-11 00:00:00.000',99,15572),(7,1,'2015-09-10 00:00:00.000','2015-09-11 00:00:00.000',99,15573),(7,1,'2015-09-10 00:00:00.000','2015-09-11 00:00:00.000',99,15574),(7,1,'2015-09-10 00:00:00.000','2015-09-11 00:00:00.000',99,15575),(7,1,'2015-09-10 00:00:00.000','2015-09-11 00:00:00.000',99,15576),(7,1,'2015-09-10 00:00:00.000','2015-09-11 00:00:00.000',99,15577),(7,1,'2015-09-10 00:00:00.000','2015-09-11 00:00:00.000',99,15578),(7,1,'2015-09-10 00:00:00.000','2015-09-11 00:00:00.000',99,15579),(7,1,'2015-09-10 00:00:00.000','2015-09-11 00:00:00.000',99,15580),(7,1,'2015-09-10 00:00:00.000','2015-09-11 00:00:00.000',99,15581),(7,1,'2015-09-10 00:00:00.000','2015-09-11 00:00:00.000',99,15582),(7,1,'2015-09-10 00:00:00.000','2015-09-11 00:00:00.000',99,15583),(7,1,'2015-09-10 00:00:00.000','2015-09-11 00:00:00.000',99,15584),(7,1,'2015-09-10 00:00:00.000','2015-09-11 00:00:00.000',99,15585),(7,1,'2015-09-10 00:00:00.000','2015-09-11 00:00:00.000',99,15586),(7,1,'2015-09-10 00:00:00.000','2015-09-11 00:00:00.000',99,15587),(7,1,'2015-09-10 00:00:00.000','2015-09-11 00:00:00.000',99,15588),(7,1,'2015-09-10 00:00:00.000','2015-09-11 00:00:00.000',99,15589),(7,1,'2015-09-10 00:00:00.000','2015-09-11 00:00:00.000',99,15590),(7,1,'2015-09-10 00:00:00.000','2015-09-11 00:00:00.000',99,15591),(7,1,'2015-09-10 00:00:00.000','2015-09-11 00:00:00.000',99,15592),(7,1,'2015-09-10 00:00:00.000','2015-09-11 00:00:00.000',99,15593),(7,1,'2015-09-10 00:00:00.000','2015-09-11 00:00:00.000',99,15594),(7,1,'2015-09-10 00:00:00.000','2015-09-11 00:00:00.000',99,15595),(7,1,'2015-09-10 00:00:00.000','2015-09-11 00:00:00.000',99,15596),(7,1,'2015-09-10 00:00:00.000','2015-09-11 00:00:00.000',99,15597),(7,1,'2015-09-10 00:00:00.000','2015-09-11 00:00:00.000',99,15598),(7,1,'2015-09-10 00:00:00.000','2015-09-11 00:00:00.000',99,15599),(7,1,'2015-09-10 00:00:00.000','2015-09-11 00:00:00.000',99,15600),(7,1,'2015-09-10 00:00:00.000','2015-09-11 00:00:00.000',99,15601),(7,1,'2015-09-10 00:00:00.000','2015-09-11 00:00:00.000',99,15602),(7,1,'2015-09-10 00:00:00.000','2015-09-11 00:00:00.000',99,15603),(7,1,'2015-09-10 00:00:00.000','2015-09-11 00:00:00.000',99,15604),(7,1,'2015-09-10 00:00:00.000','2015-09-11 00:00:00.000',99,15605),(7,1,'2015-09-10 00:00:00.000','2015-09-11 00:00:00.000',99,15606),(7,1,'2015-09-10 00:00:00.000','2015-09-11 00:00:00.000',99,15607),(7,1,'2015-09-10 00:00:00.000','2015-09-11 00:00:00.000',99,15608),(7,1,'2015-09-10 00:00:00.000','2015-09-11 00:00:00.000',99,15609),(7,1,'2015-09-10 00:00:00.000','2015-09-11 00:00:00.000',99,15610),(7,1,'2015-09-10 00:00:00.000','2015-09-11 00:00:00.000',99,15611),(7,1,'2015-09-10 00:00:00.000','2015-09-11 00:00:00.000',99,15612),(7,1,'2015-09-10 00:00:00.000','2015-09-11 00:00:00.000',99,15613),(7,1,'2015-09-10 00:00:00.000','2015-09-11 00:00:00.000',99,15614),(7,1,'2015-09-10 00:00:00.000','2015-09-11 00:00:00.000',99,15615),(7,1,'2015-09-10 00:00:00.000','2015-09-11 00:00:00.000',99,15616),(7,1,'2015-09-10 00:00:00.000','2015-09-11 00:00:00.000',99,15617),(7,1,'2015-09-10 00:00:00.000','2015-09-11 00:00:00.000',99,15618),(7,1,'2015-09-10 00:00:00.000','2015-09-11 00:00:00.000',99,15619),(7,1,'2015-09-10 00:00:00.000','2015-09-11 00:00:00.000',99,15620),(7,1,'2015-09-10 00:00:00.000','2015-09-11 00:00:00.000',99,15621),(7,1,'2015-09-10 00:00:00.000','2015-09-11 00:00:00.000',99,15622),(7,1,'2015-09-10 00:00:00.000','2015-09-11 00:00:00.000',99,15623),(7,1,'2015-09-10 00:00:00.000','2015-09-11 00:00:00.000',99,15624),(7,1,'2015-09-10 00:00:00.000','2015-09-11 00:00:00.000',99,15625),(7,1,'2015-09-10 00:00:00.000','2015-09-11 00:00:00.000',99,15626),(7,1,'2015-09-10 00:00:00.000','2015-09-11 00:00:00.000',99,15627),(7,1,'2015-09-10 00:00:00.000','2015-09-11 00:00:00.000',99,15628),(7,1,'2015-09-10 00:00:00.000','2015-09-11 00:00:00.000',99,15629),(7,1,'2015-09-10 00:00:00.000','2015-09-11 00:00:00.000',99,15630),(7,1,'2015-09-10 00:00:00.000','2015-09-11 00:00:00.000',99,15631),(7,1,'2015-09-10 00:00:00.000','2015-09-11 00:00:00.000',99,15632),(7,1,'2015-09-10 00:00:00.000','2015-09-11 00:00:00.000',99,15633),(7,1,'2015-09-10 00:00:00.000','2015-09-11 00:00:00.000',99,15634),(7,1,'2015-09-10 00:00:00.000','2015-09-11 00:00:00.000',99,15635),(7,1,'2015-09-10 00:00:00.000','2015-09-11 00:00:00.000',99,15636),(7,1,'2015-09-10 00:00:00.000','2015-09-11 00:00:00.000',99,15637),(7,1,'2015-09-10 00:00:00.000','2015-09-11 00:00:00.000',99,15638),(7,1,'2015-09-10 00:00:00.000','2015-09-11 00:00:00.000',99,15639),(7,1,'2015-09-10 00:00:00.000','2015-09-11 00:00:00.000',99,15640),(7,1,'2015-09-10 00:00:00.000','2015-09-11 00:00:00.000',99,15641),(7,1,'2015-09-10 00:00:00.000','2015-09-11 00:00:00.000',99,15642),(7,1,'2015-09-10 00:00:00.000','2015-09-11 00:00:00.000',99,15643),(7,1,'2015-09-10 00:00:00.000','2015-09-11 00:00:00.000',99,15644),(7,1,'2015-09-10 00:00:00.000','2015-09-11 00:00:00.000',99,15645),(7,1,'2015-09-10 00:00:00.000','2015-09-11 00:00:00.000',99,15646),(7,1,'2015-09-10 00:00:00.000','2015-09-11 00:00:00.000',99,15647),(7,1,'2015-09-10 00:00:00.000','2015-09-11 00:00:00.000',99,15648),(7,1,'2015-09-10 00:00:00.000','2015-09-11 00:00:00.000',99,15649),(7,1,'2015-09-10 00:00:00.000','2015-09-11 00:00:00.000',99,15650),(7,1,'2015-09-10 00:00:00.000','2015-09-11 00:00:00.000',99,15651),(7,1,'2015-09-10 00:00:00.000','2015-09-11 00:00:00.000',99,15652),(7,1,'2015-09-10 00:00:00.000','2015-09-11 00:00:00.000',99,15653),(7,1,'2015-09-10 00:00:00.000','2015-09-11 00:00:00.000',99,15654),(7,1,'2015-09-10 00:00:00.000','2015-09-11 00:00:00.000',99,15655),(7,1,'2015-09-10 00:00:00.000','2015-09-11 00:00:00.000',99,15656),(7,1,'2015-09-10 00:00:00.000','2015-09-11 00:00:00.000',99,15657),(7,1,'2015-09-10 00:00:00.000','2015-09-11 00:00:00.000',99,15658),(7,1,'2015-09-10 00:00:00.000','2015-09-11 00:00:00.000',99,15659),(7,1,'2015-09-10 00:00:00.000','2015-09-11 00:00:00.000',99,15660),(7,1,'2015-09-10 00:00:00.000','2015-09-11 00:00:00.000',99,15661),(7,1,'2015-09-10 00:00:00.000','2015-09-11 00:00:00.000',99,15662),(7,1,'2015-09-10 00:00:00.000','2015-09-11 00:00:00.000',99,15663),(7,1,'2015-09-10 00:00:00.000','2015-09-11 00:00:00.000',99,15664),(7,1,'2015-09-10 00:00:00.000','2015-09-11 00:00:00.000',99,15665),(7,1,'2015-09-10 00:00:00.000','2015-09-11 00:00:00.000',99,15666),(7,1,'2015-09-10 00:00:00.000','2015-09-11 00:00:00.000',99,15667),(7,1,'2015-09-10 00:00:00.000','2015-09-11 00:00:00.000',99,15668),(7,1,'2015-09-10 00:00:00.000','2015-09-11 00:00:00.000',99,15669),(7,1,'2015-09-10 00:00:00.000','2015-09-11 00:00:00.000',99,15670),(7,1,'2015-09-10 00:00:00.000','2015-09-11 00:00:00.000',99,15671),(7,1,'2015-09-10 00:00:00.000','2015-09-11 00:00:00.000',99,15672),(7,1,'2015-09-10 00:00:00.000','2015-09-11 00:00:00.000',99,15673),(7,1,'2015-09-10 00:00:00.000','2015-09-11 00:00:00.000',99,15674),(7,1,'2015-09-10 00:00:00.000','2015-09-11 00:00:00.000',99,15675),(7,1,'2015-09-10 00:00:00.000','2015-09-11 00:00:00.000',99,15676),(7,1,'2015-09-10 00:00:00.000','2015-09-11 00:00:00.000',99,15677),(7,1,'2015-09-10 00:00:00.000','2015-09-11 00:00:00.000',99,15678),(7,1,'2015-09-10 00:00:00.000','2015-09-11 00:00:00.000',99,15679),(7,1,'2015-09-10 00:00:00.000','2015-09-11 00:00:00.000',99,15680),(7,1,'2015-09-10 00:00:00.000','2015-09-11 00:00:00.000',99,15681),(7,1,'2015-09-10 00:00:00.000','2015-09-11 00:00:00.000',99,15682),(7,1,'2015-09-10 00:00:00.000','2015-09-11 00:00:00.000',99,15683),(7,1,'2015-09-10 00:00:00.000','2015-09-11 00:00:00.000',99,15684),(7,1,'2015-09-10 00:00:00.000','2015-09-11 00:00:00.000',99,15685),(7,1,'2015-09-10 00:00:00.000','2015-09-11 00:00:00.000',99,15686),(7,1,'2015-09-10 00:00:00.000','2015-09-11 00:00:00.000',99,15687),(7,1,'2015-09-10 00:00:00.000','2015-09-11 00:00:00.000',99,15688),(7,1,'2015-09-10 00:00:00.000','2015-09-11 00:00:00.000',99,15689),(7,1,'2015-09-10 00:00:00.000','2015-09-11 00:00:00.000',99,15690),(7,1,'2015-09-10 00:00:00.000','2015-09-11 00:00:00.000',99,15691),(7,1,'2015-09-10 00:00:00.000','2015-09-11 00:00:00.000',99,15692),(7,1,'2015-09-10 00:00:00.000','2015-09-11 00:00:00.000',99,15693),(7,1,'2015-09-10 00:00:00.000','2015-09-11 00:00:00.000',99,15694),(7,1,'2015-09-10 00:00:00.000','2015-09-11 00:00:00.000',99,15695),(7,1,'2015-09-10 00:00:00.000','2015-09-11 00:00:00.000',99,15696),(7,1,'2015-09-10 00:00:00.000','2015-09-11 00:00:00.000',99,15697),(7,1,'2015-09-10 00:00:00.000','2015-09-11 00:00:00.000',99,15698),(7,1,'2015-09-10 00:00:00.000','2015-09-11 00:00:00.000',99,15699),(7,1,'2015-09-10 00:00:00.000','2015-09-11 00:00:00.000',99,15700),(7,1,'2015-09-10 00:00:00.000','2015-09-11 00:00:00.000',99,15701),(7,1,'2015-09-10 00:00:00.000','2015-09-11 00:00:00.000',99,15702),(7,1,'2015-09-10 00:00:00.000','2015-09-11 00:00:00.000',99,15703),(7,1,'2015-09-10 00:00:00.000','2015-09-11 00:00:00.000',99,15704),(7,1,'2015-09-10 00:00:00.000','2015-09-11 00:00:00.000',99,15705),(7,1,'2015-09-10 00:00:00.000','2015-09-11 00:00:00.000',99,15706),(7,1,'2015-09-10 00:00:00.000','2015-09-11 00:00:00.000',99,15707),(7,1,'2015-09-10 00:00:00.000','2015-09-11 00:00:00.000',99,15708),(7,1,'2015-09-10 00:00:00.000','2015-09-11 00:00:00.000',99,15709),(7,1,'2015-09-10 00:00:00.000','2015-09-11 00:00:00.000',99,15710),(7,1,'2015-09-10 00:00:00.000','2015-09-11 00:00:00.000',99,15711),(7,1,'2015-09-10 00:00:00.000','2015-09-11 00:00:00.000',99,15712),(7,1,'2015-09-10 00:00:00.000','2015-09-11 00:00:00.000',99,15713),(7,1,'2015-09-10 00:00:00.000','2015-09-11 00:00:00.000',99,15714),(7,1,'2015-09-10 00:00:00.000','2015-09-11 00:00:00.000',99,15715),(7,1,'2015-09-10 00:00:00.000','2015-09-11 00:00:00.000',99,15716),(7,1,'2015-09-10 00:00:00.000','2015-09-11 00:00:00.000',99,15717),(7,1,'2015-09-10 00:00:00.000','2015-09-11 00:00:00.000',99,15718),(7,1,'2015-09-10 00:00:00.000','2015-09-11 00:00:00.000',99,15719),(7,1,'2015-09-10 00:00:00.000','2015-09-11 00:00:00.000',99,15720),(7,1,'2015-09-10 00:00:00.000','2015-09-11 00:00:00.000',99,15721),(7,1,'2015-09-10 00:00:00.000','2015-09-11 00:00:00.000',99,15722),(7,1,'2015-09-10 00:00:00.000','2015-09-11 00:00:00.000',99,15723),(7,1,'2015-09-10 00:00:00.000','2015-09-11 00:00:00.000',99,15724),(7,1,'2015-09-10 00:00:00.000','2015-09-11 00:00:00.000',99,15725),(7,1,'2015-09-10 00:00:00.000','2015-09-11 00:00:00.000',99,15726),(7,1,'2015-09-10 00:00:00.000','2015-09-11 00:00:00.000',99,15727),(7,1,'2015-09-10 00:00:00.000','2015-09-11 00:00:00.000',99,15728),(7,1,'2015-09-10 00:00:00.000','2015-09-11 00:00:00.000',99,15729),(7,1,'2015-09-10 00:00:00.000','2015-09-11 00:00:00.000',99,15730),(7,1,'2015-09-10 00:00:00.000','2015-09-11 00:00:00.000',99,15731),(7,1,'2015-09-10 00:00:00.000','2015-09-11 00:00:00.000',99,15732),(7,1,'2015-09-10 00:00:00.000','2015-09-11 00:00:00.000',99,15733),(7,1,'2015-09-10 00:00:00.000','2015-09-11 00:00:00.000',99,15734),(7,1,'2015-09-10 00:00:00.000','2015-09-11 00:00:00.000',99,15735),(7,1,'2015-09-10 00:00:00.000','2015-09-11 00:00:00.000',99,15736),(7,1,'2015-09-10 00:00:00.000','2015-09-11 00:00:00.000',99,15737),(7,1,'2015-09-10 00:00:00.000','2015-09-11 00:00:00.000',99,15738),(7,1,'2015-09-10 00:00:00.000','2015-09-11 00:00:00.000',99,15739),(7,1,'2015-09-10 00:00:00.000','2015-09-11 00:00:00.000',99,15740),(7,1,'2015-09-10 00:00:00.000','2015-09-11 00:00:00.000',99,15741),(7,1,'2015-09-10 00:00:00.000','2015-09-11 00:00:00.000',99,15742),(7,1,'2015-09-10 00:00:00.000','2015-09-11 00:00:00.000',99,15743),(7,1,'2015-09-10 00:00:00.000','2015-09-11 00:00:00.000',99,15744),(7,1,'2015-09-10 00:00:00.000','2015-09-11 00:00:00.000',99,15745),(7,1,'2015-09-10 00:00:00.000','2015-09-11 00:00:00.000',99,15746),(7,1,'2015-09-10 00:00:00.000','2015-09-11 00:00:00.000',99,15747),(7,1,'2015-09-10 00:00:00.000','2015-09-11 00:00:00.000',99,15748),(7,1,'2015-09-10 00:00:00.000','2015-09-11 00:00:00.000',99,15749),(7,1,'2015-09-10 00:00:00.000','2015-09-11 00:00:00.000',99,15750),(7,1,'2015-09-10 00:00:00.000','2015-09-11 00:00:00.000',99,15751),(7,1,'2015-09-10 00:00:00.000','2015-09-11 00:00:00.000',99,15752),(7,1,'2015-09-10 00:00:00.000','2015-09-11 00:00:00.000',99,15753),(7,1,'2015-09-10 00:00:00.000','2015-09-11 00:00:00.000',99,15754),(7,1,'2015-09-10 00:00:00.000','2015-09-11 00:00:00.000',99,15755),(7,1,'2015-09-10 00:00:00.000','2015-09-11 00:00:00.000',99,15756),(7,1,'2015-09-10 00:00:00.000','2015-09-11 00:00:00.000',99,15757),(7,1,'2015-09-10 00:00:00.000','2015-09-11 00:00:00.000',99,15758),(7,1,'2015-09-10 00:00:00.000','2015-09-11 00:00:00.000',99,15759),(7,1,'2015-09-10 00:00:00.000','2015-09-11 00:00:00.000',99,15760),(7,1,'2015-09-10 00:00:00.000','2015-09-11 00:00:00.000',99,15761),(7,1,'2015-09-10 00:00:00.000','2015-09-11 00:00:00.000',99,15762),(7,1,'2015-09-10 00:00:00.000','2015-09-11 00:00:00.000',99,15763),(7,1,'2015-09-10 00:00:00.000','2015-09-11 00:00:00.000',99,15764),(7,1,'2015-09-10 00:00:00.000','2015-09-11 00:00:00.000',99,15765),(7,1,'2015-09-10 00:00:00.000','2015-09-11 00:00:00.000',99,15766),(7,1,'2015-09-10 00:00:00.000','2015-09-11 00:00:00.000',99,15767),(7,1,'2015-09-10 00:00:00.000','2015-09-11 00:00:00.000',99,15768),(7,1,'2015-09-10 00:00:00.000','2015-09-11 00:00:00.000',99,15769),(7,1,'2015-09-10 00:00:00.000','2015-09-11 00:00:00.000',99,15770),(7,1,'2015-09-10 00:00:00.000','2015-09-11 00:00:00.000',99,15771),(7,1,'2015-09-10 00:00:00.000','2015-09-11 00:00:00.000',99,15772),(7,1,'2015-09-10 00:00:00.000','2015-09-11 00:00:00.000',99,15773),(7,1,'2015-09-10 00:00:00.000','2015-09-11 00:00:00.000',99,15774),(7,1,'2015-09-10 00:00:00.000','2015-09-11 00:00:00.000',99,15775),(7,1,'2015-09-10 00:00:00.000','2015-09-11 00:00:00.000',99,15776),(7,1,'2015-09-10 00:00:00.000','2015-09-11 00:00:00.000',99,15777),(7,1,'2015-09-10 00:00:00.000','2015-09-11 00:00:00.000',99,15778),(7,1,'2015-09-10 00:00:00.000','2015-09-11 00:00:00.000',99,15779),(7,1,'2015-09-10 00:00:00.000','2015-09-11 00:00:00.000',99,15780),(7,1,'2015-09-10 00:00:00.000','2015-09-11 00:00:00.000',99,15781),(7,1,'2015-09-10 00:00:00.000','2015-09-11 00:00:00.000',99,15782),(7,1,'2015-09-10 00:00:00.000','2015-09-11 00:00:00.000',99,15783),(7,1,'2015-09-10 00:00:00.000','2015-09-11 00:00:00.000',99,15784),(7,1,'2015-09-10 00:00:00.000','2015-09-11 00:00:00.000',99,15785),(7,1,'2015-09-10 00:00:00.000','2015-09-11 00:00:00.000',99,15786),(7,1,'2015-09-10 00:00:00.000','2015-09-11 00:00:00.000',99,15787),(7,1,'2015-09-10 00:00:00.000','2015-09-11 00:00:00.000',99,15788),(7,1,'2015-09-10 00:00:00.000','2015-09-11 00:00:00.000',99,15789),(7,1,'2015-09-10 00:00:00.000','2015-09-11 00:00:00.000',99,15790),(7,1,'2015-09-10 00:00:00.000','2015-09-11 00:00:00.000',99,15791),(7,1,'2015-09-10 00:00:00.000','2015-09-11 00:00:00.000',99,15792),(7,1,'2015-09-10 00:00:00.000','2015-09-11 00:00:00.000',99,15793),(7,1,'2015-09-10 00:00:00.000','2015-09-11 00:00:00.000',99,15794),(7,1,'2015-09-10 00:00:00.000','2015-09-11 00:00:00.000',99,15795),(7,1,'2015-09-10 00:00:00.000','2015-09-11 00:00:00.000',99,15796),(7,1,'2015-09-10 00:00:00.000','2015-09-11 00:00:00.000',99,15797),(7,1,'2015-09-10 00:00:00.000','2015-09-11 00:00:00.000',99,15798),(7,1,'2015-09-10 00:00:00.000','2015-09-11 00:00:00.000',99,15799),(7,1,'2015-09-10 00:00:00.000','2015-09-11 00:00:00.000',99,15800),(7,1,'2015-09-10 00:00:00.000','2015-09-11 00:00:00.000',99,15801),(7,1,'2015-09-10 00:00:00.000','2015-09-11 00:00:00.000',99,15802),(7,1,'2015-09-10 00:00:00.000','2015-09-11 00:00:00.000',99,15803),(7,1,'2015-09-10 00:00:00.000','2015-09-11 00:00:00.000',99,15804),(7,1,'2015-09-10 00:00:00.000','2015-09-11 00:00:00.000',99,15805),(7,1,'2015-09-10 00:00:00.000','2015-09-11 00:00:00.000',99,15806),(7,1,'2015-09-10 00:00:00.000','2015-09-11 00:00:00.000',99,15807),(7,1,'2015-09-10 00:00:00.000','2015-09-11 00:00:00.000',99,15808),(7,1,'2015-09-10 00:00:00.000','2015-09-11 00:00:00.000',99,15809),(7,1,'2015-09-10 00:00:00.000','2015-09-11 00:00:00.000',99,15810),(7,1,'2015-09-10 00:00:00.000','2015-09-11 00:00:00.000',99,15811),(7,1,'2015-09-10 00:00:00.000','2015-09-11 00:00:00.000',99,15812),(7,1,'2015-09-10 00:00:00.000','2015-09-11 00:00:00.000',99,15813),(7,1,'2015-09-10 00:00:00.000','2015-09-11 00:00:00.000',99,15814),(7,1,'2015-09-10 00:00:00.000','2015-09-11 00:00:00.000',99,15815),(7,1,'2015-09-10 00:00:00.000','2015-09-11 00:00:00.000',99,15816),(7,1,'2015-09-10 00:00:00.000','2015-09-11 00:00:00.000',99,15817),(7,1,'2015-09-10 00:00:00.000','2015-09-11 00:00:00.000',99,15818),(7,1,'2015-09-10 00:00:00.000','2015-09-11 00:00:00.000',99,15819),(7,1,'2015-09-10 00:00:00.000','2015-09-11 00:00:00.000',99,15820),(7,1,'2015-09-10 00:00:00.000','2015-09-11 00:00:00.000',99,15821),(7,1,'2015-09-10 00:00:00.000','2015-09-11 00:00:00.000',99,15822),(7,1,'2015-09-10 00:00:00.000','2015-09-11 00:00:00.000',99,15823),(7,1,'2015-09-10 00:00:00.000','2015-09-11 00:00:00.000',99,15824),(7,1,'2015-09-10 00:00:00.000','2015-09-11 00:00:00.000',99,15825),(7,1,'2015-09-10 00:00:00.000','2015-09-11 00:00:00.000',99,15826),(7,1,'2015-09-10 00:00:00.000','2015-09-11 00:00:00.000',99,15827),(7,1,'2015-09-10 00:00:00.000','2015-09-11 00:00:00.000',99,15828),(7,1,'2015-09-10 00:00:00.000','2015-09-11 00:00:00.000',99,15829),(7,1,'2015-09-10 00:00:00.000','2015-09-11 00:00:00.000',99,15830),(7,1,'2015-09-10 00:00:00.000','2015-09-11 00:00:00.000',99,15831),(7,1,'2015-09-10 00:00:00.000','2015-09-11 00:00:00.000',99,15832),(7,1,'2015-09-10 00:00:00.000','2015-09-11 00:00:00.000',99,15833),(7,1,'2015-09-10 00:00:00.000','2015-09-11 00:00:00.000',99,15834),(7,1,'2015-09-10 00:00:00.000','2015-09-11 00:00:00.000',99,15835),(7,1,'2015-09-10 00:00:00.000','2015-09-11 00:00:00.000',99,15836),(7,1,'2015-09-10 00:00:00.000','2015-09-11 00:00:00.000',99,15837),(7,1,'2015-09-10 00:00:00.000','2015-09-11 00:00:00.000',99,15838),(7,1,'2015-09-10 00:00:00.000','2015-09-11 00:00:00.000',99,15839),(7,1,'2015-09-10 00:00:00.000','2015-09-11 00:00:00.000',99,15840),(7,1,'2015-09-10 00:00:00.000','2015-09-11 00:00:00.000',99,15841),(7,1,'2015-09-10 00:00:00.000','2015-09-11 00:00:00.000',99,15842),(7,1,'2015-09-10 00:00:00.000','2015-09-11 00:00:00.000',99,15843),(7,1,'2015-09-10 00:00:00.000','2015-09-11 00:00:00.000',99,15844),(7,1,'2015-09-10 00:00:00.000','2015-09-11 00:00:00.000',99,15845),(7,1,'2015-09-10 00:00:00.000','2015-09-11 00:00:00.000',99,15846),(7,1,'2015-09-10 00:00:00.000','2015-09-11 00:00:00.000',99,15847),(7,1,'2015-09-10 00:00:00.000','2015-09-11 00:00:00.000',99,15848),(7,1,'2015-09-10 00:00:00.000','2015-09-11 00:00:00.000',99,15849),(7,1,'2015-09-10 00:00:00.000','2015-09-11 00:00:00.000',99,15850),(7,1,'2015-09-10 00:00:00.000','2015-09-11 00:00:00.000',99,15851),(7,1,'2015-09-10 00:00:00.000','2015-09-11 00:00:00.000',99,15852),(7,1,'2015-09-10 00:00:00.000','2015-09-11 00:00:00.000',99,15853),(7,1,'2015-09-10 00:00:00.000','2015-09-11 00:00:00.000',99,15854),(7,1,'2015-09-10 00:00:00.000','2015-09-11 00:00:00.000',99,15855),(7,1,'2015-09-10 00:00:00.000','2015-09-11 00:00:00.000',99,15856),(7,1,'2015-09-10 00:00:00.000','2015-09-11 00:00:00.000',99,15857),(7,1,'2015-09-10 00:00:00.000','2015-09-11 00:00:00.000',99,15858),(7,1,'2015-09-10 00:00:00.000','2015-09-11 00:00:00.000',99,15859),(7,1,'2015-09-10 00:00:00.000','2015-09-11 00:00:00.000',99,15860),(7,1,'2015-09-10 00:00:00.000','2015-09-11 00:00:00.000',99,15861),(7,1,'2015-09-10 00:00:00.000','2015-09-11 00:00:00.000',99,15862),(7,1,'2015-09-10 00:00:00.000','2015-09-11 00:00:00.000',99,15863),(7,1,'2015-09-10 00:00:00.000','2015-09-11 00:00:00.000',99,15864),(7,1,'2015-09-10 00:00:00.000','2015-09-11 00:00:00.000',99,15865),(7,1,'2015-09-10 00:00:00.000','2015-09-11 00:00:00.000',99,15866),(7,1,'2015-09-10 00:00:00.000','2015-09-11 00:00:00.000',99,15867),(7,1,'2015-09-10 00:00:00.000','2015-09-11 00:00:00.000',99,15868),(7,1,'2015-09-10 00:00:00.000','2015-09-11 00:00:00.000',99,15869),(7,1,'2015-09-10 00:00:00.000','2015-09-11 00:00:00.000',99,15870),(7,1,'2015-09-10 00:00:00.000','2015-09-11 00:00:00.000',99,15871),(7,1,'2015-09-10 00:00:00.000','2015-09-11 00:00:00.000',99,15872),(7,1,'2015-09-10 00:00:00.000','2015-09-11 00:00:00.000',99,15873),(7,1,'2015-09-10 00:00:00.000','2015-09-11 00:00:00.000',99,15874),(7,1,'2015-09-10 00:00:00.000','2015-09-11 00:00:00.000',99,15875),(7,1,'2015-09-10 00:00:00.000','2015-09-11 00:00:00.000',99,15876),(7,1,'2015-09-10 00:00:00.000','2015-09-11 00:00:00.000',99,15877),(7,1,'2015-09-10 00:00:00.000','2015-09-11 00:00:00.000',99,15878),(7,1,'2015-09-10 00:00:00.000','2015-09-11 00:00:00.000',99,15879),(7,1,'2015-09-10 00:00:00.000','2015-09-11 00:00:00.000',99,15880),(7,1,'2015-09-10 00:00:00.000','2015-09-11 00:00:00.000',99,15881),(7,1,'2015-09-10 00:00:00.000','2015-09-11 00:00:00.000',99,15882),(7,1,'2015-09-10 00:00:00.000','2015-09-11 00:00:00.000',99,15883),(7,1,'2015-09-10 00:00:00.000','2015-09-11 00:00:00.000',99,15884),(7,1,'2015-09-10 00:00:00.000','2015-09-11 00:00:00.000',99,15885),(7,1,'2015-09-10 00:00:00.000','2015-09-11 00:00:00.000',99,15886),(7,1,'2015-09-10 00:00:00.000','2015-09-11 00:00:00.000',99,15887),(7,1,'2015-09-10 00:00:00.000','2015-09-11 00:00:00.000',99,15888),(7,1,'2015-09-10 00:00:00.000','2015-09-11 00:00:00.000',99,15889),(7,1,'2015-09-10 00:00:00.000','2015-09-11 00:00:00.000',99,15890),(7,1,'2015-09-10 00:00:00.000','2015-09-11 00:00:00.000',99,15891),(7,1,'2015-09-10 00:00:00.000','2015-09-11 00:00:00.000',99,15892),(7,1,'2015-09-10 00:00:00.000','2015-09-11 00:00:00.000',99,15893),(7,1,'2015-09-10 00:00:00.000','2015-09-11 00:00:00.000',99,15894),(7,1,'2015-09-10 00:00:00.000','2015-09-11 00:00:00.000',99,15895),(7,1,'2015-09-10 00:00:00.000','2015-09-11 00:00:00.000',99,15896),(7,1,'2015-09-10 00:00:00.000','2015-09-11 00:00:00.000',99,15897),(7,1,'2015-09-10 00:00:00.000','2015-09-11 00:00:00.000',99,15898),(7,1,'2015-09-10 00:00:00.000','2015-09-11 00:00:00.000',99,15899),(7,1,'2015-09-10 00:00:00.000','2015-09-11 00:00:00.000',99,15900),(7,1,'2015-09-10 00:00:00.000','2015-09-11 00:00:00.000',99,15901),(7,1,'2015-09-10 00:00:00.000','2015-09-11 00:00:00.000',99,15902),(7,1,'2015-09-10 00:00:00.000','2015-09-11 00:00:00.000',99,15903),(7,1,'2015-09-10 00:00:00.000','2015-09-11 00:00:00.000',99,15904),(7,1,'2015-09-10 00:00:00.000','2015-09-11 00:00:00.000',99,15905),(7,1,'2015-09-10 00:00:00.000','2015-09-11 00:00:00.000',99,15906),(7,1,'2015-09-10 00:00:00.000','2015-09-11 00:00:00.000',99,15907),(7,1,'2015-09-10 00:00:00.000','2015-09-11 00:00:00.000',99,15908),(7,1,'2015-09-10 00:00:00.000','2015-09-11 00:00:00.000',99,15909),(7,1,'2015-09-10 00:00:00.000','2015-09-11 00:00:00.000',99,15910),(7,1,'2015-09-10 00:00:00.000','2015-09-11 00:00:00.000',99,15911),(7,1,'2015-09-10 00:00:00.000','2015-09-11 00:00:00.000',99,15912),(7,1,'2015-09-10 00:00:00.000','2015-09-11 00:00:00.000',99,15913),(7,1,'2015-09-10 00:00:00.000','2015-09-11 00:00:00.000',99,15914),(7,1,'2015-09-10 00:00:00.000','2015-09-11 00:00:00.000',99,15915),(7,1,'2015-09-10 00:00:00.000','2015-09-11 00:00:00.000',99,15916),(7,1,'2015-09-10 00:00:00.000','2015-09-11 00:00:00.000',99,15917),(7,1,'2015-09-10 00:00:00.000','2015-09-11 00:00:00.000',99,15918),(7,1,'2015-09-10 00:00:00.000','2015-09-11 00:00:00.000',99,15919),(7,1,'2015-09-10 00:00:00.000','2015-09-11 00:00:00.000',99,15920),(7,1,'2015-09-10 00:00:00.000','2015-09-11 00:00:00.000',99,15921),(7,1,'2015-09-10 00:00:00.000','2015-09-11 00:00:00.000',99,15922),(7,1,'2015-09-10 00:00:00.000','2015-09-11 00:00:00.000',99,15923),(7,1,'2015-09-10 00:00:00.000','2015-09-11 00:00:00.000',99,15924),(7,1,'2015-09-10 00:00:00.000','2015-09-11 00:00:00.000',99,15925),(7,1,'2015-09-10 00:00:00.000','2015-09-11 00:00:00.000',99,15926),(7,1,'2015-09-10 00:00:00.000','2015-09-11 00:00:00.000',99,15927),(7,1,'2015-09-10 00:00:00.000','2015-09-11 00:00:00.000',99,15928),(7,1,'2015-09-10 00:00:00.000','2015-09-11 00:00:00.000',99,15929),(7,1,'2015-09-10 00:00:00.000','2015-09-11 00:00:00.000',99,15930),(7,1,'2015-09-10 00:00:00.000','2015-09-11 00:00:00.000',99,15931),(7,1,'2015-09-10 00:00:00.000','2015-09-11 00:00:00.000',99,15932),(7,1,'2015-09-10 00:00:00.000','2015-09-11 00:00:00.000',99,15933),(7,1,'2015-09-10 00:00:00.000','2015-09-11 00:00:00.000',99,15934),(7,1,'2015-09-10 00:00:00.000','2015-09-11 00:00:00.000',99,15935),(7,1,'2015-09-10 00:00:00.000','2015-09-11 00:00:00.000',99,15936),(7,1,'2015-09-10 00:00:00.000','2015-09-11 00:00:00.000',99,15937),(7,1,'2015-09-10 00:00:00.000','2015-09-11 00:00:00.000',99,15938),(7,1,'2015-09-10 00:00:00.000','2015-09-11 00:00:00.000',99,15939),(7,1,'2015-09-10 00:00:00.000','2015-09-11 00:00:00.000',99,15940),(7,1,'2015-09-10 00:00:00.000','2015-09-11 00:00:00.000',99,15941),(7,1,'2015-09-10 00:00:00.000','2015-09-11 00:00:00.000',99,15942),(7,1,'2015-09-10 00:00:00.000','2015-09-11 00:00:00.000',99,15943),(7,1,'2015-09-10 00:00:00.000','2015-09-11 00:00:00.000',99,15944),(7,1,'2015-09-10 00:00:00.000','2015-09-11 00:00:00.000',99,15945),(7,1,'2015-09-10 00:00:00.000','2015-09-11 00:00:00.000',99,15946),(7,1,'2015-09-10 00:00:00.000','2015-09-11 00:00:00.000',99,15947),(7,1,'2015-09-10 00:00:00.000','2015-09-11 00:00:00.000',99,15948),(7,1,'2015-09-10 00:00:00.000','2015-09-11 00:00:00.000',99,15949),(7,1,'2015-09-10 00:00:00.000','2015-09-11 00:00:00.000',99,15950),(7,1,'2015-09-10 00:00:00.000','2015-09-11 00:00:00.000',99,15951),(7,1,'2015-09-10 00:00:00.000','2015-09-11 00:00:00.000',99,15952),(7,1,'2015-09-10 00:00:00.000','2015-09-11 00:00:00.000',99,15953),(7,1,'2015-09-10 00:00:00.000','2015-09-11 00:00:00.000',99,15954),(7,1,'2015-09-10 00:00:00.000','2015-09-11 00:00:00.000',99,15955),(7,1,'2015-09-10 00:00:00.000','2015-09-11 00:00:00.000',99,15956),(7,1,'2015-09-10 00:00:00.000','2015-09-11 00:00:00.000',99,15957),(7,1,'2015-09-10 00:00:00.000','2015-09-11 00:00:00.000',99,15958),(7,1,'2015-09-10 00:00:00.000','2015-09-11 00:00:00.000',99,15959),(7,1,'2015-09-10 00:00:00.000','2015-09-11 00:00:00.000',99,15960),(7,1,'2015-09-10 00:00:00.000','2015-09-11 00:00:00.000',99,15961),(7,1,'2015-09-10 00:00:00.000','2015-09-11 00:00:00.000',99,15962),(7,1,'2015-09-10 00:00:00.000','2015-09-11 00:00:00.000',99,15963),(7,1,'2015-09-10 00:00:00.000','2015-09-11 00:00:00.000',99,15964),(7,1,'2015-09-10 00:00:00.000','2015-09-11 00:00:00.000',99,15965),(7,1,'2015-09-10 00:00:00.000','2015-09-11 00:00:00.000',99,15966),(7,1,'2015-09-10 00:00:00.000','2015-09-11 00:00:00.000',99,15967),(7,1,'2015-09-10 00:00:00.000','2015-09-11 00:00:00.000',99,15968),(7,1,'2015-09-10 00:00:00.000','2015-09-11 00:00:00.000',99,15969),(7,1,'2015-09-10 00:00:00.000','2015-09-11 00:00:00.000',99,15970),(7,1,'2015-09-10 00:00:00.000','2015-09-11 00:00:00.000',99,15971),(7,1,'2015-09-10 00:00:00.000','2015-09-11 00:00:00.000',99,15972),(7,1,'2015-09-10 00:00:00.000','2015-09-11 00:00:00.000',99,15973),(7,1,'2015-09-10 00:00:00.000','2015-09-11 00:00:00.000',99,15974),(7,1,'2015-09-10 00:00:00.000','2015-09-11 00:00:00.000',99,15975),(7,1,'2015-09-10 00:00:00.000','2015-09-11 00:00:00.000',99,15976),(7,1,'2015-09-10 00:00:00.000','2015-09-11 00:00:00.000',99,15977),(7,1,'2015-09-10 00:00:00.000','2015-09-11 00:00:00.000',99,15978),(7,1,'2015-09-10 00:00:00.000','2015-09-11 00:00:00.000',99,15979),(7,1,'2015-09-10 00:00:00.000','2015-09-11 00:00:00.000',99,15980),(7,1,'2015-09-10 00:00:00.000','2015-09-11 00:00:00.000',99,15981),(7,1,'2015-09-10 00:00:00.000','2015-09-11 00:00:00.000',99,15982),(7,1,'2015-09-10 00:00:00.000','2015-09-11 00:00:00.000',99,15983),(7,1,'2015-09-10 00:00:00.000','2015-09-11 00:00:00.000',99,15984),(7,1,'2015-09-10 00:00:00.000','2015-09-11 00:00:00.000',99,15985),(7,1,'2015-09-10 00:00:00.000','2015-09-11 00:00:00.000',99,15986),(7,1,'2015-09-10 00:00:00.000','2015-09-11 00:00:00.000',99,15987),(7,1,'2015-09-10 00:00:00.000','2015-09-11 00:00:00.000',99,15988),(7,1,'2015-09-10 00:00:00.000','2015-09-11 00:00:00.000',99,15989),(7,1,'2015-09-10 00:00:00.000','2015-09-11 00:00:00.000',99,15990),(7,1,'2015-09-10 00:00:00.000','2015-09-11 00:00:00.000',99,15991),(7,1,'2015-09-10 00:00:00.000','2015-09-11 00:00:00.000',99,15992),(7,1,'2015-09-10 00:00:00.000','2015-09-11 00:00:00.000',99,15993),(7,1,'2015-09-10 00:00:00.000','2015-09-11 00:00:00.000',99,15994),(7,1,'2015-09-10 00:00:00.000','2015-09-11 00:00:00.000',99,15995),(7,1,'2015-09-10 00:00:00.000','2015-09-11 00:00:00.000',99,15996),(7,1,'2015-09-10 00:00:00.000','2015-09-11 00:00:00.000',99,15997),(7,1,'2015-09-10 00:00:00.000','2015-09-11 00:00:00.000',99,15998),(7,1,'2015-09-10 00:00:00.000','2015-09-11 00:00:00.000',99,15999),(7,1,'2015-09-10 00:00:00.000','2015-09-11 00:00:00.000',99,16000);
/*!40000 ALTER TABLE `HOTEL_BOOKING` ENABLE KEYS */;
UNLOCK TABLES;
/*!50003 SET @saved_cs_client      = @@character_set_client */ ;
/*!50003 SET @saved_cs_results     = @@character_set_results */ ;
/*!50003 SET @saved_col_connection = @@collation_connection */ ;
/*!50003 SET character_set_client  = utf8 */ ;
/*!50003 SET character_set_results = utf8 */ ;
/*!50003 SET collation_connection  = utf8_general_ci */ ;
/*!50003 SET @saved_sql_mode       = @@sql_mode */ ;
/*!50003 SET sql_mode              = 'ONLY_FULL_GROUP_BY,STRICT_TRANS_TABLES,NO_ZERO_IN_DATE,NO_ZERO_DATE,ERROR_FOR_DIVISION_BY_ZERO,NO_AUTO_CREATE_USER,NO_ENGINE_SUBSTITUTION' */ ;
DELIMITER ;;
/*!50003 CREATE*/ /*!50017 DEFINER=`root`@`localhost`*/ /*!50003 TRIGGER HOTEL_BOOKING_MAX_ROWS
BEFORE INSERT
ON HOTEL_BOOKING
FOR EACH ROW
BEGIN
  SELECT COUNT(*) INTO @cnt FROM HOTEL_BOOKING;
  IF @cnt >= 2000 THEN
      SIGNAL SQLSTATE '45000'
       SET MESSAGE_TEXT = 'Disk is full, Could not allocate space for object \'dbo.hotel_booking\'';
  END IF;
END */;;
DELIMITER ;
/*!50003 SET sql_mode              = @saved_sql_mode */ ;
/*!50003 SET character_set_client  = @saved_cs_client */ ;
/*!50003 SET character_set_results = @saved_cs_results */ ;
/*!50003 SET collation_connection  = @saved_col_connection */ ;
/*!40103 SET TIME_ZONE=@OLD_TIME_ZONE */;

/*!40101 SET SQL_MODE=@OLD_SQL_MODE */;
/*!40014 SET FOREIGN_KEY_CHECKS=@OLD_FOREIGN_KEY_CHECKS */;
/*!40014 SET UNIQUE_CHECKS=@OLD_UNIQUE_CHECKS */;
/*!40101 SET CHARACTER_SET_CLIENT=@OLD_CHARACTER_SET_CLIENT */;
/*!40101 SET CHARACTER_SET_RESULTS=@OLD_CHARACTER_SET_RESULTS */;
/*!40101 SET COLLATION_CONNECTION=@OLD_COLLATION_CONNECTION */;
/*!40111 SET SQL_NOTES=@OLD_SQL_NOTES */;

-- Dump completed on 2017-07-18 21:26:46
